6xrg_A_loop_CA_rmsd,6xr6_A_loop_CA_rmsd,pLDDT,pdb_path
17.639051,3.524655,90.37517985611511,/fs/ess/PAA0203/xing244/AF_ClaSeq/results_NC_revision/ABL1/m_fold_random/03_recompile/6xr6_composite_rmsd/prediction/bin_10/bin10_sequences_unrelaxed_rank_019_alphafold2_ptm_model_4_seed_004.pdb
17.35796,3.0495243,90.47708633093524,/fs/ess/PAA0203/xing244/AF_ClaSeq/results_NC_revision/ABL1/m_fold_random/03_recompile/6xr6_composite_rmsd/prediction/bin_10/bin10_sequences_unrelaxed_rank_016_alphafold2_ptm_model_3_seed_003.pdb
17.502243,2.9302356,91.3511870503597,/fs/ess/PAA0203/xing244/AF_ClaSeq/results_NC_revision/ABL1/m_fold_random/03_recompile/6xr6_composite_rmsd/prediction/bin_10/bin10_sequences_unrelaxed_rank_001_alphafold2_ptm_model_5_seed_005.pdb
17.470598,3.623613,90.4628417266187,/fs/ess/PAA0203/xing244/AF_ClaSeq/results_NC_revision/ABL1/m_fold_random/03_recompile/6xr6_composite_rmsd/prediction/bin_10/bin10_sequences_unrelaxed_rank_014_alphafold2_ptm_model_3_seed_005.pdb
17.409859,2.936198,90.00104316546764,/fs/ess/PAA0203/xing244/AF_ClaSeq/results_NC_revision/ABL1/m_fold_random/03_recompile/6xr6_composite_rmsd/prediction/bin_10/bin10_sequences_unrelaxed_rank_032_alphafold2_ptm_model_1_seed_002.pdb
17.494265,2.944673,91.01568345323741,/fs/ess/PAA0203/xing244/AF_ClaSeq/results_NC_revision/ABL1/m_fold_random/03_recompile/6xr6_composite_rmsd/prediction/bin_10/bin10_sequences_unrelaxed_rank_007_alphafold2_ptm_model_5_seed_001.pdb
17.560595,2.9483223,90.62776978417266,/fs/ess/PAA0203/xing244/AF_ClaSeq/results_NC_revision/ABL1/m_fold_random/03_recompile/6xr6_composite_rmsd/prediction/bin_10/bin10_sequences_unrelaxed_rank_009_alphafold2_ptm_model_2_seed_005.pdb
17.624077,3.4834092,89.93892086330935,/fs/ess/PAA0203/xing244/AF_ClaSeq/results_NC_revision/ABL1/m_fold_random/03_recompile/6xr6_composite_rmsd/prediction/bin_10/bin10_sequences_unrelaxed_rank_033_alphafold2_ptm_model_4_seed_003.pdb
17.55576,2.9526374,90.34456834532375,/fs/ess/PAA0203/xing244/AF_ClaSeq/results_NC_revision/ABL1/m_fold_random/03_recompile/6xr6_composite_rmsd/prediction/bin_10/bin10_sequences_unrelaxed_rank_021_alphafold2_ptm_model_2_seed_003.pdb
17.641043,3.5560303,90.41514388489209,/fs/ess/PAA0203/xing244/AF_ClaSeq/results_NC_revision/ABL1/m_fold_random/03_recompile/6xr6_composite_rmsd/prediction/bin_10/bin10_sequences_unrelaxed_rank_018_alphafold2_ptm_model_4_seed_007.pdb
17.417603,2.9832928,89.62226618705036,/fs/ess/PAA0203/xing244/AF_ClaSeq/results_NC_revision/ABL1/m_fold_random/03_recompile/6xr6_composite_rmsd/prediction/bin_10/bin10_sequences_unrelaxed_rank_039_alphafold2_ptm_model_1_seed_005.pdb
17.551834,2.9355452,90.52967625899281,/fs/ess/PAA0203/xing244/AF_ClaSeq/results_NC_revision/ABL1/m_fold_random/03_recompile/6xr6_composite_rmsd/prediction/bin_10/bin10_sequences_unrelaxed_rank_015_alphafold2_ptm_model_2_seed_006.pdb
17.60811,3.4276724,89.89992805755396,/fs/ess/PAA0203/xing244/AF_ClaSeq/results_NC_revision/ABL1/m_fold_random/03_recompile/6xr6_composite_rmsd/prediction/bin_10/bin10_sequences_unrelaxed_rank_036_alphafold2_ptm_model_4_seed_006.pdb
17.397772,2.934941,89.96262589928058,/fs/ess/PAA0203/xing244/AF_ClaSeq/results_NC_revision/ABL1/m_fold_random/03_recompile/6xr6_composite_rmsd/prediction/bin_10/bin10_sequences_unrelaxed_rank_034_alphafold2_ptm_model_1_seed_007.pdb
17.611076,3.53133,89.96705035971223,/fs/ess/PAA0203/xing244/AF_ClaSeq/results_NC_revision/ABL1/m_fold_random/03_recompile/6xr6_composite_rmsd/prediction/bin_10/bin10_sequences_unrelaxed_rank_035_alphafold2_ptm_model_4_seed_001.pdb
17.545416,2.9485831,90.13284172661871,/fs/ess/PAA0203/xing244/AF_ClaSeq/results_NC_revision/ABL1/m_fold_random/03_recompile/6xr6_composite_rmsd/prediction/bin_10/bin10_sequences_unrelaxed_rank_029_alphafold2_ptm_model_2_seed_007.pdb
17.420408,2.9598444,90.27212230215827,/fs/ess/PAA0203/xing244/AF_ClaSeq/results_NC_revision/ABL1/m_fold_random/03_recompile/6xr6_composite_rmsd/prediction/bin_10/bin10_sequences_unrelaxed_rank_024_alphafold2_ptm_model_1_seed_006.pdb
17.639896,3.497688,90.35079136690646,/fs/ess/PAA0203/xing244/AF_ClaSeq/results_NC_revision/ABL1/m_fold_random/03_recompile/6xr6_composite_rmsd/prediction/bin_10/bin10_sequences_unrelaxed_rank_020_alphafold2_ptm_model_4_seed_005.pdb
17.513233,2.9686825,90.55230215827338,/fs/ess/PAA0203/xing244/AF_ClaSeq/results_NC_revision/ABL1/m_fold_random/03_recompile/6xr6_composite_rmsd/prediction/bin_10/bin10_sequences_unrelaxed_rank_012_alphafold2_ptm_model_4_seed_000.pdb
17.342451,3.0577097,90.30104316546762,/fs/ess/PAA0203/xing244/AF_ClaSeq/results_NC_revision/ABL1/m_fold_random/03_recompile/6xr6_composite_rmsd/prediction/bin_10/bin10_sequences_unrelaxed_rank_022_alphafold2_ptm_model_3_seed_006.pdb
17.486649,2.9538834,91.18179856115108,/fs/ess/PAA0203/xing244/AF_ClaSeq/results_NC_revision/ABL1/m_fold_random/03_recompile/6xr6_composite_rmsd/prediction/bin_10/bin10_sequences_unrelaxed_rank_004_alphafold2_ptm_model_5_seed_006.pdb
17.509886,2.973559,90.6058273381295,/fs/ess/PAA0203/xing244/AF_ClaSeq/results_NC_revision/ABL1/m_fold_random/03_recompile/6xr6_composite_rmsd/prediction/bin_10/bin10_sequences_unrelaxed_rank_010_alphafold2_ptm_model_5_seed_007.pdb
17.56296,2.937096,90.60136690647482,/fs/ess/PAA0203/xing244/AF_ClaSeq/results_NC_revision/ABL1/m_fold_random/03_recompile/6xr6_composite_rmsd/prediction/bin_10/bin10_sequences_unrelaxed_rank_013_alphafold2_ptm_model_2_seed_002.pdb
17.49326,2.9349725,91.32809352517985,/fs/ess/PAA0203/xing244/AF_ClaSeq/results_NC_revision/ABL1/m_fold_random/03_recompile/6xr6_composite_rmsd/prediction/bin_10/bin10_sequences_unrelaxed_rank_002_alphafold2_ptm_model_5_seed_000.pdb
17.532063,2.961799,90.22996402877698,/fs/ess/PAA0203/xing244/AF_ClaSeq/results_NC_revision/ABL1/m_fold_random/03_recompile/6xr6_composite_rmsd/prediction/bin_10/bin10_sequences_unrelaxed_rank_026_alphafold2_ptm_model_2_seed_001.pdb
17.506334,3.041897,90.06809352517986,/fs/ess/PAA0203/xing244/AF_ClaSeq/results_NC_revision/ABL1/m_fold_random/03_recompile/6xr6_composite_rmsd/prediction/bin_10/bin10_sequences_unrelaxed_rank_030_alphafold2_ptm_model_4_seed_002.pdb
17.443615,2.9138165,90.46230215827339,/fs/ess/PAA0203/xing244/AF_ClaSeq/results_NC_revision/ABL1/m_fold_random/03_recompile/6xr6_composite_rmsd/prediction/bin_10/bin10_sequences_unrelaxed_rank_017_alphafold2_ptm_model_1_seed_000.pdb
17.508762,2.9282377,91.21762589928058,/fs/ess/PAA0203/xing244/AF_ClaSeq/results_NC_revision/ABL1/m_fold_random/03_recompile/6xr6_composite_rmsd/prediction/bin_10/bin10_sequences_unrelaxed_rank_005_alphafold2_ptm_model_5_seed_004.pdb
17.514942,2.9237232,91.17395683453236,/fs/ess/PAA0203/xing244/AF_ClaSeq/results_NC_revision/ABL1/m_fold_random/03_recompile/6xr6_composite_rmsd/prediction/bin_10/bin10_sequences_unrelaxed_rank_003_alphafold2_ptm_model_5_seed_003.pdb
17.33373,3.048719,90.53658273381296,/fs/ess/PAA0203/xing244/AF_ClaSeq/results_NC_revision/ABL1/m_fold_random/03_recompile/6xr6_composite_rmsd/prediction/bin_10/bin10_sequences_unrelaxed_rank_011_alphafold2_ptm_model_3_seed_000.pdb
17.316156,3.0702527,90.17377697841725,/fs/ess/PAA0203/xing244/AF_ClaSeq/results_NC_revision/ABL1/m_fold_random/03_recompile/6xr6_composite_rmsd/prediction/bin_10/bin10_sequences_unrelaxed_rank_025_alphafold2_ptm_model_3_seed_001.pdb
17.379047,2.958488,89.54964028776979,/fs/ess/PAA0203/xing244/AF_ClaSeq/results_NC_revision/ABL1/m_fold_random/03_recompile/6xr6_composite_rmsd/prediction/bin_10/bin10_sequences_unrelaxed_rank_040_alphafold2_ptm_model_1_seed_001.pdb
17.551718,2.9406738,90.62643884892086,/fs/ess/PAA0203/xing244/AF_ClaSeq/results_NC_revision/ABL1/m_fold_random/03_recompile/6xr6_composite_rmsd/prediction/bin_10/bin10_sequences_unrelaxed_rank_008_alphafold2_ptm_model_2_seed_000.pdb
17.451395,3.5408313,90.06125899280575,/fs/ess/PAA0203/xing244/AF_ClaSeq/results_NC_revision/ABL1/m_fold_random/03_recompile/6xr6_composite_rmsd/prediction/bin_10/bin10_sequences_unrelaxed_rank_031_alphafold2_ptm_model_3_seed_004.pdb
17.440016,2.9435523,89.79615107913669,/fs/ess/PAA0203/xing244/AF_ClaSeq/results_NC_revision/ABL1/m_fold_random/03_recompile/6xr6_composite_rmsd/prediction/bin_10/bin10_sequences_unrelaxed_rank_037_alphafold2_ptm_model_1_seed_003.pdb
17.398369,2.9650245,89.7781654676259,/fs/ess/PAA0203/xing244/AF_ClaSeq/results_NC_revision/ABL1/m_fold_random/03_recompile/6xr6_composite_rmsd/prediction/bin_10/bin10_sequences_unrelaxed_rank_038_alphafold2_ptm_model_1_seed_004.pdb
17.351404,3.0673506,90.28007194244604,/fs/ess/PAA0203/xing244/AF_ClaSeq/results_NC_revision/ABL1/m_fold_random/03_recompile/6xr6_composite_rmsd/prediction/bin_10/bin10_sequences_unrelaxed_rank_023_alphafold2_ptm_model_3_seed_002.pdb
17.477373,2.9665987,91.06676258992805,/fs/ess/PAA0203/xing244/AF_ClaSeq/results_NC_revision/ABL1/m_fold_random/03_recompile/6xr6_composite_rmsd/prediction/bin_10/bin10_sequences_unrelaxed_rank_006_alphafold2_ptm_model_5_seed_002.pdb
17.471231,3.558133,90.20464028776978,/fs/ess/PAA0203/xing244/AF_ClaSeq/results_NC_revision/ABL1/m_fold_random/03_recompile/6xr6_composite_rmsd/prediction/bin_10/bin10_sequences_unrelaxed_rank_027_alphafold2_ptm_model_3_seed_007.pdb
17.537556,2.9597344,90.12841726618704,/fs/ess/PAA0203/xing244/AF_ClaSeq/results_NC_revision/ABL1/m_fold_random/03_recompile/6xr6_composite_rmsd/prediction/bin_10/bin10_sequences_unrelaxed_rank_028_alphafold2_ptm_model_2_seed_004.pdb
