4q21_rmsd,5p21_rmsd,pLDDT,pdb_path
3.258576996504893,1.3468105071466656,92.75089285714286,/results/supple_cases/RASH_HUMAN/run1/04_recompile/4q21_rmsd/control_prediction/bin_7_8_9/bin_7_8_9_random_seq_unrelaxed_rank_025_alphafold2_ptm_model_3_seed_007.pdb
3.3493764436634414,1.3884432767442754,93.1336904761905,/results/supple_cases/RASH_HUMAN/run1/04_recompile/4q21_rmsd/control_prediction/bin_7_8_9/bin_7_8_9_random_seq_unrelaxed_rank_021_alphafold2_ptm_model_4_seed_003.pdb
3.2485823946342016,1.3317165307965588,93.13089285714288,/results/supple_cases/RASH_HUMAN/run1/04_recompile/4q21_rmsd/control_prediction/bin_7_8_9/bin_7_8_9_random_seq_unrelaxed_rank_019_alphafold2_ptm_model_5_seed_005.pdb
3.0741679713501413,1.3494577824270684,93.14880952380956,/results/supple_cases/RASH_HUMAN/run1/04_recompile/4q21_rmsd/control_prediction/bin_7_8_9/bin_7_8_9_random_seq_unrelaxed_rank_022_alphafold2_ptm_model_3_seed_003.pdb
3.392791171169861,1.3742385196575833,94.0785714285714,/results/supple_cases/RASH_HUMAN/run1/04_recompile/4q21_rmsd/control_prediction/bin_7_8_9/bin_7_8_9_random_seq_unrelaxed_rank_008_alphafold2_ptm_model_4_seed_000.pdb
3.362174827722028,1.3935281828235373,94.16125,/results/supple_cases/RASH_HUMAN/run1/04_recompile/4q21_rmsd/control_prediction/bin_7_8_9/bin_7_8_9_random_seq_unrelaxed_rank_006_alphafold2_ptm_model_5_seed_004.pdb
3.070230432079994,1.5744553582836094,90.32428571428572,/results/supple_cases/RASH_HUMAN/run1/04_recompile/4q21_rmsd/control_prediction/bin_7_8_9/bin_7_8_9_random_seq_unrelaxed_rank_036_alphafold2_ptm_model_1_seed_001.pdb
3.093493184265556,1.5534292062998778,91.8889285714286,/results/supple_cases/RASH_HUMAN/run1/04_recompile/4q21_rmsd/control_prediction/bin_7_8_9/bin_7_8_9_random_seq_unrelaxed_rank_033_alphafold2_ptm_model_2_seed_005.pdb
3.3249684317206936,1.343013333937282,94.26255952380957,/results/supple_cases/RASH_HUMAN/run1/04_recompile/4q21_rmsd/control_prediction/bin_7_8_9/bin_7_8_9_random_seq_unrelaxed_rank_004_alphafold2_ptm_model_5_seed_000.pdb
3.3377853309513545,1.391910972118206,93.46869047619047,/results/supple_cases/RASH_HUMAN/run1/04_recompile/4q21_rmsd/control_prediction/bin_7_8_9/bin_7_8_9_random_seq_unrelaxed_rank_017_alphafold2_ptm_model_2_seed_000.pdb
3.153435589100493,1.3320564664221155,93.67517857142863,/results/supple_cases/RASH_HUMAN/run1/04_recompile/4q21_rmsd/control_prediction/bin_7_8_9/bin_7_8_9_random_seq_unrelaxed_rank_013_alphafold2_ptm_model_3_seed_000.pdb
3.3211491562291444,1.3286287074590928,94.52946428571428,/results/supple_cases/RASH_HUMAN/run1/04_recompile/4q21_rmsd/control_prediction/bin_7_8_9/bin_7_8_9_random_seq_unrelaxed_rank_001_alphafold2_ptm_model_5_seed_002.pdb
3.2607582513880695,1.328738566406882,92.33148809523807,/results/supple_cases/RASH_HUMAN/run1/04_recompile/4q21_rmsd/control_prediction/bin_7_8_9/bin_7_8_9_random_seq_unrelaxed_rank_029_alphafold2_ptm_model_2_seed_002.pdb
3.0458262856257474,1.3382787367580047,92.94047619047622,/results/supple_cases/RASH_HUMAN/run1/04_recompile/4q21_rmsd/control_prediction/bin_7_8_9/bin_7_8_9_random_seq_unrelaxed_rank_023_alphafold2_ptm_model_3_seed_006.pdb
3.415086236320211,1.358141232082158,93.56720238095241,/results/supple_cases/RASH_HUMAN/run1/04_recompile/4q21_rmsd/control_prediction/bin_7_8_9/bin_7_8_9_random_seq_unrelaxed_rank_014_alphafold2_ptm_model_4_seed_006.pdb
3.0517692210415865,1.59107457907871,90.39374999999998,/results/supple_cases/RASH_HUMAN/run1/04_recompile/4q21_rmsd/control_prediction/bin_7_8_9/bin_7_8_9_random_seq_unrelaxed_rank_035_alphafold2_ptm_model_1_seed_005.pdb
3.0932520352701154,1.5220212932977837,89.84946428571428,/results/supple_cases/RASH_HUMAN/run1/04_recompile/4q21_rmsd/control_prediction/bin_7_8_9/bin_7_8_9_random_seq_unrelaxed_rank_039_alphafold2_ptm_model_1_seed_002.pdb
3.1250543186837603,1.3448223024999797,93.23148809523808,/results/supple_cases/RASH_HUMAN/run1/04_recompile/4q21_rmsd/control_prediction/bin_7_8_9/bin_7_8_9_random_seq_unrelaxed_rank_018_alphafold2_ptm_model_3_seed_001.pdb
3.3804002452579307,1.3730402811851974,93.80684523809528,/results/supple_cases/RASH_HUMAN/run1/04_recompile/4q21_rmsd/control_prediction/bin_7_8_9/bin_7_8_9_random_seq_unrelaxed_rank_011_alphafold2_ptm_model_4_seed_005.pdb
3.3308468922355146,1.3047359547271864,94.15815476190478,/results/supple_cases/RASH_HUMAN/run1/04_recompile/4q21_rmsd/control_prediction/bin_7_8_9/bin_7_8_9_random_seq_unrelaxed_rank_005_alphafold2_ptm_model_5_seed_006.pdb
3.438836947685861,1.4137096800099775,92.33363095238094,/results/supple_cases/RASH_HUMAN/run1/04_recompile/4q21_rmsd/control_prediction/bin_7_8_9/bin_7_8_9_random_seq_unrelaxed_rank_030_alphafold2_ptm_model_2_seed_007.pdb
3.3312864438544225,1.3899263219487739,92.1152976190476,/results/supple_cases/RASH_HUMAN/run1/04_recompile/4q21_rmsd/control_prediction/bin_7_8_9/bin_7_8_9_random_seq_unrelaxed_rank_032_alphafold2_ptm_model_1_seed_004.pdb
3.396399730637757,1.352155908096259,93.86619047619051,/results/supple_cases/RASH_HUMAN/run1/04_recompile/4q21_rmsd/control_prediction/bin_7_8_9/bin_7_8_9_random_seq_unrelaxed_rank_010_alphafold2_ptm_model_4_seed_002.pdb
3.031622895286397,1.333651854898007,92.48071428571427,/results/supple_cases/RASH_HUMAN/run1/04_recompile/4q21_rmsd/control_prediction/bin_7_8_9/bin_7_8_9_random_seq_unrelaxed_rank_028_alphafold2_ptm_model_3_seed_002.pdb
3.37353041509677,1.3821564147558292,94.48535714285713,/results/supple_cases/RASH_HUMAN/run1/04_recompile/4q21_rmsd/control_prediction/bin_7_8_9/bin_7_8_9_random_seq_unrelaxed_rank_002_alphafold2_ptm_model_4_seed_004.pdb
3.2672829712052125,1.451495333899467,91.32565476190472,/results/supple_cases/RASH_HUMAN/run1/04_recompile/4q21_rmsd/control_prediction/bin_7_8_9/bin_7_8_9_random_seq_unrelaxed_rank_034_alphafold2_ptm_model_1_seed_000.pdb
3.2651770293364004,1.3781409240832598,92.65226190476194,/results/supple_cases/RASH_HUMAN/run1/04_recompile/4q21_rmsd/control_prediction/bin_7_8_9/bin_7_8_9_random_seq_unrelaxed_rank_026_alphafold2_ptm_model_2_seed_003.pdb
3.0723520749811177,1.3369053073553996,92.8998214285714,/results/supple_cases/RASH_HUMAN/run1/04_recompile/4q21_rmsd/control_prediction/bin_7_8_9/bin_7_8_9_random_seq_unrelaxed_rank_024_alphafold2_ptm_model_3_seed_005.pdb
3.164637757221796,1.350842492475992,92.58589285714285,/results/supple_cases/RASH_HUMAN/run1/04_recompile/4q21_rmsd/control_prediction/bin_7_8_9/bin_7_8_9_random_seq_unrelaxed_rank_027_alphafold2_ptm_model_2_seed_001.pdb
3.2491669482468244,1.376989013372208,92.1575,/results/supple_cases/RASH_HUMAN/run1/04_recompile/4q21_rmsd/control_prediction/bin_7_8_9/bin_7_8_9_random_seq_unrelaxed_rank_031_alphafold2_ptm_model_2_seed_006.pdb
2.9715160565843255,1.6635979760951167,90.31494047619046,/results/supple_cases/RASH_HUMAN/run1/04_recompile/4q21_rmsd/control_prediction/bin_7_8_9/bin_7_8_9_random_seq_unrelaxed_rank_037_alphafold2_ptm_model_1_seed_006.pdb
3.3759645707171093,1.3409350474895618,93.14035714285718,/results/supple_cases/RASH_HUMAN/run1/04_recompile/4q21_rmsd/control_prediction/bin_7_8_9/bin_7_8_9_random_seq_unrelaxed_rank_020_alphafold2_ptm_model_4_seed_001.pdb
3.484325515948494,1.4075364732239655,93.74970238095246,/results/supple_cases/RASH_HUMAN/run1/04_recompile/4q21_rmsd/control_prediction/bin_7_8_9/bin_7_8_9_random_seq_unrelaxed_rank_012_alphafold2_ptm_model_5_seed_007.pdb
3.2763278297850857,1.3621925557383578,94.30142857142853,/results/supple_cases/RASH_HUMAN/run1/04_recompile/4q21_rmsd/control_prediction/bin_7_8_9/bin_7_8_9_random_seq_unrelaxed_rank_003_alphafold2_ptm_model_3_seed_004.pdb
3.310565455443346,1.389389014170833,89.70017857142857,/results/supple_cases/RASH_HUMAN/run1/04_recompile/4q21_rmsd/control_prediction/bin_7_8_9/bin_7_8_9_random_seq_unrelaxed_rank_040_alphafold2_ptm_model_1_seed_007.pdb
3.3019383809449407,1.3343272399063992,93.85648809523813,/results/supple_cases/RASH_HUMAN/run1/04_recompile/4q21_rmsd/control_prediction/bin_7_8_9/bin_7_8_9_random_seq_unrelaxed_rank_009_alphafold2_ptm_model_5_seed_001.pdb
3.5275448548758015,1.4462721046959197,93.52017857142854,/results/supple_cases/RASH_HUMAN/run1/04_recompile/4q21_rmsd/control_prediction/bin_7_8_9/bin_7_8_9_random_seq_unrelaxed_rank_016_alphafold2_ptm_model_4_seed_007.pdb
3.3532481208314646,1.3255373713891776,94.03428571428574,/results/supple_cases/RASH_HUMAN/run1/04_recompile/4q21_rmsd/control_prediction/bin_7_8_9/bin_7_8_9_random_seq_unrelaxed_rank_007_alphafold2_ptm_model_5_seed_003.pdb
3.336025609503574,1.3683182469058512,93.53339285714291,/results/supple_cases/RASH_HUMAN/run1/04_recompile/4q21_rmsd/control_prediction/bin_7_8_9/bin_7_8_9_random_seq_unrelaxed_rank_015_alphafold2_ptm_model_2_seed_004.pdb
3.1412936937376954,1.4740307581847063,90.15249999999995,/results/supple_cases/RASH_HUMAN/run1/04_recompile/4q21_rmsd/control_prediction/bin_7_8_9/bin_7_8_9_random_seq_unrelaxed_rank_038_alphafold2_ptm_model_1_seed_003.pdb
