2haw_tmscore,1k23_tmscore,pLDDT,pdb_path
0.95719,0.67336,92.96449838187714,/results/PPAC_BACSU/run1/04_recompile/2haw_tmscore/prediction/bin_30/bin30_sequences_unrelaxed_rank_006_alphafold2_ptm_model_4_seed_006.pdb
0.91465,0.67362,92.13155339805827,/results/PPAC_BACSU/run1/04_recompile/2haw_tmscore/prediction/bin_30/bin30_sequences_unrelaxed_rank_027_alphafold2_ptm_model_2_seed_005.pdb
0.93361,0.67321,91.83362459546922,/results/PPAC_BACSU/run1/04_recompile/2haw_tmscore/prediction/bin_30/bin30_sequences_unrelaxed_rank_032_alphafold2_ptm_model_5_seed_003.pdb
0.94451,0.67332,92.9493527508091,/results/PPAC_BACSU/run1/04_recompile/2haw_tmscore/prediction/bin_30/bin30_sequences_unrelaxed_rank_007_alphafold2_ptm_model_4_seed_003.pdb
0.94007,0.67445,91.86229773462783,/results/PPAC_BACSU/run1/04_recompile/2haw_tmscore/prediction/bin_30/bin30_sequences_unrelaxed_rank_031_alphafold2_ptm_model_1_seed_001.pdb
0.91387,0.6738,91.6884466019418,/results/PPAC_BACSU/run1/04_recompile/2haw_tmscore/prediction/bin_30/bin30_sequences_unrelaxed_rank_037_alphafold2_ptm_model_2_seed_001.pdb
0.93647,0.67445,92.26728155339813,/results/PPAC_BACSU/run1/04_recompile/2haw_tmscore/prediction/bin_30/bin30_sequences_unrelaxed_rank_022_alphafold2_ptm_model_1_seed_005.pdb
0.91669,0.67393,92.30598705501615,/results/PPAC_BACSU/run1/04_recompile/2haw_tmscore/prediction/bin_30/bin30_sequences_unrelaxed_rank_021_alphafold2_ptm_model_2_seed_002.pdb
0.95544,0.67399,92.51728155339808,/results/PPAC_BACSU/run1/04_recompile/2haw_tmscore/prediction/bin_30/bin30_sequences_unrelaxed_rank_014_alphafold2_ptm_model_3_seed_002.pdb
0.9486,0.67131,92.24948220064725,/results/PPAC_BACSU/run1/04_recompile/2haw_tmscore/prediction/bin_30/bin30_sequences_unrelaxed_rank_023_alphafold2_ptm_model_3_seed_003.pdb
0.9024,0.67559,93.28708737864083,/results/PPAC_BACSU/run1/04_recompile/2haw_tmscore/prediction/bin_30/bin30_sequences_unrelaxed_rank_001_alphafold2_ptm_model_4_seed_000.pdb
0.94891,0.6745,92.79200647249193,/results/PPAC_BACSU/run1/04_recompile/2haw_tmscore/prediction/bin_30/bin30_sequences_unrelaxed_rank_010_alphafold2_ptm_model_4_seed_002.pdb
0.92937,0.67244,92.5926537216829,/results/PPAC_BACSU/run1/04_recompile/2haw_tmscore/prediction/bin_30/bin30_sequences_unrelaxed_rank_013_alphafold2_ptm_model_3_seed_000.pdb
0.93664,0.67279,92.17045307443362,/results/PPAC_BACSU/run1/04_recompile/2haw_tmscore/prediction/bin_30/bin30_sequences_unrelaxed_rank_024_alphafold2_ptm_model_5_seed_005.pdb
0.93854,0.67413,91.88320388349518,/results/PPAC_BACSU/run1/04_recompile/2haw_tmscore/prediction/bin_30/bin30_sequences_unrelaxed_rank_029_alphafold2_ptm_model_1_seed_006.pdb
0.92615,0.67415,92.47071197410999,/results/PPAC_BACSU/run1/04_recompile/2haw_tmscore/prediction/bin_30/bin30_sequences_unrelaxed_rank_015_alphafold2_ptm_model_5_seed_006.pdb
0.90505,0.67363,91.54786407766986,/results/PPAC_BACSU/run1/04_recompile/2haw_tmscore/prediction/bin_30/bin30_sequences_unrelaxed_rank_039_alphafold2_ptm_model_2_seed_003.pdb
0.95283,0.67286,92.18330097087376,/results/PPAC_BACSU/run1/04_recompile/2haw_tmscore/prediction/bin_30/bin30_sequences_unrelaxed_rank_026_alphafold2_ptm_model_3_seed_001.pdb
0.94778,0.67323,92.3739158576052,/results/PPAC_BACSU/run1/04_recompile/2haw_tmscore/prediction/bin_30/bin30_sequences_unrelaxed_rank_018_alphafold2_ptm_model_3_seed_005.pdb
0.97323,0.67209,92.58977346278313,/results/PPAC_BACSU/run1/04_recompile/2haw_tmscore/prediction/bin_30/bin30_sequences_unrelaxed_rank_012_alphafold2_ptm_model_3_seed_007.pdb
0.94767,0.67264,92.92711974110027,/results/PPAC_BACSU/run1/04_recompile/2haw_tmscore/prediction/bin_30/bin30_sequences_unrelaxed_rank_005_alphafold2_ptm_model_4_seed_004.pdb
0.91717,0.67506,91.80394822006473,/results/PPAC_BACSU/run1/04_recompile/2haw_tmscore/prediction/bin_30/bin30_sequences_unrelaxed_rank_035_alphafold2_ptm_model_2_seed_004.pdb
0.94606,0.67262,92.84783171521033,/results/PPAC_BACSU/run1/04_recompile/2haw_tmscore/prediction/bin_30/bin30_sequences_unrelaxed_rank_009_alphafold2_ptm_model_4_seed_001.pdb
0.94497,0.6744,92.34595469255665,/results/PPAC_BACSU/run1/04_recompile/2haw_tmscore/prediction/bin_30/bin30_sequences_unrelaxed_rank_017_alphafold2_ptm_model_5_seed_007.pdb
0.85105,0.68158,92.94288025889968,/results/PPAC_BACSU/run1/04_recompile/2haw_tmscore/prediction/bin_30/bin30_sequences_unrelaxed_rank_008_alphafold2_ptm_model_2_seed_000.pdb
0.93039,0.67559,92.21449838187705,/results/PPAC_BACSU/run1/04_recompile/2haw_tmscore/prediction/bin_30/bin30_sequences_unrelaxed_rank_025_alphafold2_ptm_model_2_seed_007.pdb
0.92032,0.67385,91.3542718446602,/results/PPAC_BACSU/run1/04_recompile/2haw_tmscore/prediction/bin_30/bin30_sequences_unrelaxed_rank_040_alphafold2_ptm_model_1_seed_000.pdb
0.93559,0.67363,91.90025889967636,/results/PPAC_BACSU/run1/04_recompile/2haw_tmscore/prediction/bin_30/bin30_sequences_unrelaxed_rank_030_alphafold2_ptm_model_5_seed_000.pdb
0.96172,0.67357,92.97453074433658,/results/PPAC_BACSU/run1/04_recompile/2haw_tmscore/prediction/bin_30/bin30_sequences_unrelaxed_rank_004_alphafold2_ptm_model_4_seed_007.pdb
0.94604,0.67159,92.35187702265377,/results/PPAC_BACSU/run1/04_recompile/2haw_tmscore/prediction/bin_30/bin30_sequences_unrelaxed_rank_016_alphafold2_ptm_model_5_seed_002.pdb
0.93249,0.67492,91.7150485436893,/results/PPAC_BACSU/run1/04_recompile/2haw_tmscore/prediction/bin_30/bin30_sequences_unrelaxed_rank_038_alphafold2_ptm_model_1_seed_003.pdb
0.92307,0.67581,92.32974110032363,/results/PPAC_BACSU/run1/04_recompile/2haw_tmscore/prediction/bin_30/bin30_sequences_unrelaxed_rank_020_alphafold2_ptm_model_2_seed_006.pdb
0.89421,0.67496,93.08391585760509,/results/PPAC_BACSU/run1/04_recompile/2haw_tmscore/prediction/bin_30/bin30_sequences_unrelaxed_rank_003_alphafold2_ptm_model_5_seed_004.pdb
0.91913,0.67375,92.65009708737863,/results/PPAC_BACSU/run1/04_recompile/2haw_tmscore/prediction/bin_30/bin30_sequences_unrelaxed_rank_011_alphafold2_ptm_model_3_seed_004.pdb
0.93791,0.67511,91.74540453074438,/results/PPAC_BACSU/run1/04_recompile/2haw_tmscore/prediction/bin_30/bin30_sequences_unrelaxed_rank_036_alphafold2_ptm_model_1_seed_002.pdb
0.9504,0.67442,91.97789644012943,/results/PPAC_BACSU/run1/04_recompile/2haw_tmscore/prediction/bin_30/bin30_sequences_unrelaxed_rank_028_alphafold2_ptm_model_1_seed_007.pdb
0.93257,0.67441,91.78346278317146,/results/PPAC_BACSU/run1/04_recompile/2haw_tmscore/prediction/bin_30/bin30_sequences_unrelaxed_rank_034_alphafold2_ptm_model_1_seed_004.pdb
0.94178,0.67198,91.8420388349514,/results/PPAC_BACSU/run1/04_recompile/2haw_tmscore/prediction/bin_30/bin30_sequences_unrelaxed_rank_033_alphafold2_ptm_model_5_seed_001.pdb
0.94961,0.67185,92.39728155339807,/results/PPAC_BACSU/run1/04_recompile/2haw_tmscore/prediction/bin_30/bin30_sequences_unrelaxed_rank_019_alphafold2_ptm_model_3_seed_006.pdb
0.91054,0.67374,93.25171521035602,/results/PPAC_BACSU/run1/04_recompile/2haw_tmscore/prediction/bin_30/bin30_sequences_unrelaxed_rank_002_alphafold2_ptm_model_4_seed_005.pdb
