6ajm_rmsd,6gto_rmsd,pLDDT,pdb_path
2.8139594896212525,4.035394411229404,78.48931818181819,/results/supple_cases/AtaTR/run1/04_recompile/6ajm_rmsd/control_prediction/bin_8/bin8_random_seq_unrelaxed_rank_037_alphafold2_ptm_model_2_seed_001.pdb
10.347882396546401,5.787804510927469,85.49829545454547,/results/supple_cases/AtaTR/run1/04_recompile/6ajm_rmsd/control_prediction/bin_8/bin8_random_seq_unrelaxed_rank_006_alphafold2_ptm_model_3_seed_005.pdb
3.3442331749630525,4.538724305741887,80.8018181818182,/results/supple_cases/AtaTR/run1/04_recompile/6ajm_rmsd/control_prediction/bin_8/bin8_random_seq_unrelaxed_rank_029_alphafold2_ptm_model_2_seed_003.pdb
11.411674182263036,5.776233387320952,83.81204545454544,/results/supple_cases/AtaTR/run1/04_recompile/6ajm_rmsd/control_prediction/bin_8/bin8_random_seq_unrelaxed_rank_012_alphafold2_ptm_model_3_seed_004.pdb
11.056082229374342,5.956871959870415,86.17954545454546,/results/supple_cases/AtaTR/run1/04_recompile/6ajm_rmsd/control_prediction/bin_8/bin8_random_seq_unrelaxed_rank_003_alphafold2_ptm_model_4_seed_002.pdb
9.921921477788832,5.538414453171065,82.22374999999998,/results/supple_cases/AtaTR/run1/04_recompile/6ajm_rmsd/control_prediction/bin_8/bin8_random_seq_unrelaxed_rank_018_alphafold2_ptm_model_2_seed_004.pdb
7.966542147248074,5.118502014679158,83.68681818181818,/results/supple_cases/AtaTR/run1/04_recompile/6ajm_rmsd/control_prediction/bin_8/bin8_random_seq_unrelaxed_rank_013_alphafold2_ptm_model_3_seed_002.pdb
8.551633948121868,5.322281320831233,79.39681818181818,/results/supple_cases/AtaTR/run1/04_recompile/6ajm_rmsd/control_prediction/bin_8/bin8_random_seq_unrelaxed_rank_035_alphafold2_ptm_model_5_seed_002.pdb
5.523868316662013,5.02435188631001,85.04011363636363,/results/supple_cases/AtaTR/run1/04_recompile/6ajm_rmsd/control_prediction/bin_8/bin8_random_seq_unrelaxed_rank_009_alphafold2_ptm_model_3_seed_000.pdb
9.011330696466553,6.574469491298792,77.38238636363634,/results/supple_cases/AtaTR/run1/04_recompile/6ajm_rmsd/control_prediction/bin_8/bin8_random_seq_unrelaxed_rank_038_alphafold2_ptm_model_5_seed_004.pdb
10.173835584092448,5.468457879808626,81.0435227272727,/results/supple_cases/AtaTR/run1/04_recompile/6ajm_rmsd/control_prediction/bin_8/bin8_random_seq_unrelaxed_rank_027_alphafold2_ptm_model_1_seed_005.pdb
9.67555682408394,4.421475071937157,81.28102272727271,/results/supple_cases/AtaTR/run1/04_recompile/6ajm_rmsd/control_prediction/bin_8/bin8_random_seq_unrelaxed_rank_022_alphafold2_ptm_model_4_seed_007.pdb
10.745782802684728,5.19099602559279,80.5269318181818,/results/supple_cases/AtaTR/run1/04_recompile/6ajm_rmsd/control_prediction/bin_8/bin8_random_seq_unrelaxed_rank_030_alphafold2_ptm_model_1_seed_000.pdb
3.0120410839467833,4.294526099890412,78.80681818181822,/results/supple_cases/AtaTR/run1/04_recompile/6ajm_rmsd/control_prediction/bin_8/bin8_random_seq_unrelaxed_rank_036_alphafold2_ptm_model_2_seed_007.pdb
9.229620188700883,4.897493087832544,81.27250000000001,/results/supple_cases/AtaTR/run1/04_recompile/6ajm_rmsd/control_prediction/bin_8/bin8_random_seq_unrelaxed_rank_025_alphafold2_ptm_model_2_seed_000.pdb
9.939721442845514,5.505044912850255,81.09,/results/supple_cases/AtaTR/run1/04_recompile/6ajm_rmsd/control_prediction/bin_8/bin8_random_seq_unrelaxed_rank_026_alphafold2_ptm_model_2_seed_006.pdb
10.892438322626314,5.459015280297074,85.41488636363634,/results/supple_cases/AtaTR/run1/04_recompile/6ajm_rmsd/control_prediction/bin_8/bin8_random_seq_unrelaxed_rank_007_alphafold2_ptm_model_4_seed_000.pdb
9.758509349993309,4.823436949113921,79.41534090909092,/results/supple_cases/AtaTR/run1/04_recompile/6ajm_rmsd/control_prediction/bin_8/bin8_random_seq_unrelaxed_rank_034_alphafold2_ptm_model_5_seed_007.pdb
5.122789552768771,4.9375645332065154,83.27215909090908,/results/supple_cases/AtaTR/run1/04_recompile/6ajm_rmsd/control_prediction/bin_8/bin8_random_seq_unrelaxed_rank_014_alphafold2_ptm_model_3_seed_003.pdb
8.115153070050956,5.264236375237044,79.50397727272728,/results/supple_cases/AtaTR/run1/04_recompile/6ajm_rmsd/control_prediction/bin_8/bin8_random_seq_unrelaxed_rank_033_alphafold2_ptm_model_5_seed_001.pdb
7.577376173050356,6.706028228039683,79.84704545454545,/results/supple_cases/AtaTR/run1/04_recompile/6ajm_rmsd/control_prediction/bin_8/bin8_random_seq_unrelaxed_rank_032_alphafold2_ptm_model_4_seed_001.pdb
5.67844597856264,4.753011125533496,81.88147727272728,/results/supple_cases/AtaTR/run1/04_recompile/6ajm_rmsd/control_prediction/bin_8/bin8_random_seq_unrelaxed_rank_020_alphafold2_ptm_model_3_seed_001.pdb
10.434907053637646,5.718149009172784,81.90920454545456,/results/supple_cases/AtaTR/run1/04_recompile/6ajm_rmsd/control_prediction/bin_8/bin8_random_seq_unrelaxed_rank_019_alphafold2_ptm_model_1_seed_006.pdb
11.028878964719022,5.407903294728707,81.2378409090909,/results/supple_cases/AtaTR/run1/04_recompile/6ajm_rmsd/control_prediction/bin_8/bin8_random_seq_unrelaxed_rank_023_alphafold2_ptm_model_1_seed_002.pdb
5.0730986262049385,5.476216328750208,86.28624999999998,/results/supple_cases/AtaTR/run1/04_recompile/6ajm_rmsd/control_prediction/bin_8/bin8_random_seq_unrelaxed_rank_001_alphafold2_ptm_model_5_seed_006.pdb
10.91430560255172,5.824762019040878,86.22136363636365,/results/supple_cases/AtaTR/run1/04_recompile/6ajm_rmsd/control_prediction/bin_8/bin8_random_seq_unrelaxed_rank_002_alphafold2_ptm_model_4_seed_005.pdb
10.38756289934714,5.442322253807314,83.09863636363637,/results/supple_cases/AtaTR/run1/04_recompile/6ajm_rmsd/control_prediction/bin_8/bin8_random_seq_unrelaxed_rank_015_alphafold2_ptm_model_2_seed_002.pdb
4.7291586528110106,4.959539043524245,77.30068181818181,/results/supple_cases/AtaTR/run1/04_recompile/6ajm_rmsd/control_prediction/bin_8/bin8_random_seq_unrelaxed_rank_039_alphafold2_ptm_model_1_seed_001.pdb
7.94257180839209,5.366647646534087,83.14363636363635,/results/supple_cases/AtaTR/run1/04_recompile/6ajm_rmsd/control_prediction/bin_8/bin8_random_seq_unrelaxed_rank_016_alphafold2_ptm_model_5_seed_000.pdb
8.871388547161043,5.875238121980503,80.87272727272729,/results/supple_cases/AtaTR/run1/04_recompile/6ajm_rmsd/control_prediction/bin_8/bin8_random_seq_unrelaxed_rank_028_alphafold2_ptm_model_1_seed_003.pdb
6.783766519106302,5.870867503654339,82.95215909090912,/results/supple_cases/AtaTR/run1/04_recompile/6ajm_rmsd/control_prediction/bin_8/bin8_random_seq_unrelaxed_rank_017_alphafold2_ptm_model_5_seed_003.pdb
8.423451533819183,6.3082706444596734,85.27170454545455,/results/supple_cases/AtaTR/run1/04_recompile/6ajm_rmsd/control_prediction/bin_8/bin8_random_seq_unrelaxed_rank_008_alphafold2_ptm_model_4_seed_006.pdb
4.253953068427603,4.787749999334729,85.6525,/results/supple_cases/AtaTR/run1/04_recompile/6ajm_rmsd/control_prediction/bin_8/bin8_random_seq_unrelaxed_rank_005_alphafold2_ptm_model_3_seed_006.pdb
7.200662393540822,5.714797825568705,83.81704545454546,/results/supple_cases/AtaTR/run1/04_recompile/6ajm_rmsd/control_prediction/bin_8/bin8_random_seq_unrelaxed_rank_011_alphafold2_ptm_model_5_seed_005.pdb
3.679799435117319,4.91010245451845,81.54727272727274,/results/supple_cases/AtaTR/run1/04_recompile/6ajm_rmsd/control_prediction/bin_8/bin8_random_seq_unrelaxed_rank_021_alphafold2_ptm_model_3_seed_007.pdb
10.35727164419925,4.349884506202177,80.27647727272728,/results/supple_cases/AtaTR/run1/04_recompile/6ajm_rmsd/control_prediction/bin_8/bin8_random_seq_unrelaxed_rank_031_alphafold2_ptm_model_1_seed_004.pdb
5.959342594021946,4.785440451131478,81.25011363636361,/results/supple_cases/AtaTR/run1/04_recompile/6ajm_rmsd/control_prediction/bin_8/bin8_random_seq_unrelaxed_rank_024_alphafold2_ptm_model_2_seed_005.pdb
5.8098217583850955,6.0077041848828925,86.09568181818183,/results/supple_cases/AtaTR/run1/04_recompile/6ajm_rmsd/control_prediction/bin_8/bin8_random_seq_unrelaxed_rank_004_alphafold2_ptm_model_4_seed_003.pdb
10.796456418608367,5.364115730234004,84.25318181818187,/results/supple_cases/AtaTR/run1/04_recompile/6ajm_rmsd/control_prediction/bin_8/bin8_random_seq_unrelaxed_rank_010_alphafold2_ptm_model_4_seed_004.pdb
4.269619778745558,4.934430940295945,77.20295454545455,/results/supple_cases/AtaTR/run1/04_recompile/6ajm_rmsd/control_prediction/bin_8/bin8_random_seq_unrelaxed_rank_040_alphafold2_ptm_model_1_seed_007.pdb
