2qke_rmsd,5jyt_rmsd,pLDDT,pdb_path
8.1661415,2.3160603,82.17824175824175,/fs/ess/PAA0203/xing244/AF_ClaSeq/results_NC_revision/KaiB/m_fold_sampling_voting_5jyt/03_recompile/5jyt_rmsd/control_prediction/bin_11/bin11_random_seq_unrelaxed_rank_003_alphafold2_ptm_model_4_seed_001.pdb
8.239237,2.4722085,79.19274725274725,/fs/ess/PAA0203/xing244/AF_ClaSeq/results_NC_revision/KaiB/m_fold_sampling_voting_5jyt/03_recompile/5jyt_rmsd/control_prediction/bin_11/bin11_random_seq_unrelaxed_rank_024_alphafold2_ptm_model_1_seed_005.pdb
8.133996,2.3610435,81.71824175824176,/fs/ess/PAA0203/xing244/AF_ClaSeq/results_NC_revision/KaiB/m_fold_sampling_voting_5jyt/03_recompile/5jyt_rmsd/control_prediction/bin_11/bin11_random_seq_unrelaxed_rank_006_alphafold2_ptm_model_3_seed_007.pdb
8.087833,2.4138684,81.5445054945055,/fs/ess/PAA0203/xing244/AF_ClaSeq/results_NC_revision/KaiB/m_fold_sampling_voting_5jyt/03_recompile/5jyt_rmsd/control_prediction/bin_11/bin11_random_seq_unrelaxed_rank_008_alphafold2_ptm_model_5_seed_007.pdb
8.096495,2.404297,80.32978021978022,/fs/ess/PAA0203/xing244/AF_ClaSeq/results_NC_revision/KaiB/m_fold_sampling_voting_5jyt/03_recompile/5jyt_rmsd/control_prediction/bin_11/bin11_random_seq_unrelaxed_rank_019_alphafold2_ptm_model_5_seed_005.pdb
8.152626,2.4385426,79.53351648351648,/fs/ess/PAA0203/xing244/AF_ClaSeq/results_NC_revision/KaiB/m_fold_sampling_voting_5jyt/03_recompile/5jyt_rmsd/control_prediction/bin_11/bin11_random_seq_unrelaxed_rank_023_alphafold2_ptm_model_3_seed_000.pdb
8.126453,2.4292827,81.27802197802198,/fs/ess/PAA0203/xing244/AF_ClaSeq/results_NC_revision/KaiB/m_fold_sampling_voting_5jyt/03_recompile/5jyt_rmsd/control_prediction/bin_11/bin11_random_seq_unrelaxed_rank_012_alphafold2_ptm_model_5_seed_001.pdb
8.157571,2.424137,81.5179120879121,/fs/ess/PAA0203/xing244/AF_ClaSeq/results_NC_revision/KaiB/m_fold_sampling_voting_5jyt/03_recompile/5jyt_rmsd/control_prediction/bin_11/bin11_random_seq_unrelaxed_rank_009_alphafold2_ptm_model_3_seed_004.pdb
8.100554,2.429732,75.16274725274725,/fs/ess/PAA0203/xing244/AF_ClaSeq/results_NC_revision/KaiB/m_fold_sampling_voting_5jyt/03_recompile/5jyt_rmsd/control_prediction/bin_11/bin11_random_seq_unrelaxed_rank_035_alphafold2_ptm_model_2_seed_004.pdb
8.069462,2.35691,74.38714285714286,/fs/ess/PAA0203/xing244/AF_ClaSeq/results_NC_revision/KaiB/m_fold_sampling_voting_5jyt/03_recompile/5jyt_rmsd/control_prediction/bin_11/bin11_random_seq_unrelaxed_rank_037_alphafold2_ptm_model_2_seed_003.pdb
8.143021,2.3389838,81.41241758241758,/fs/ess/PAA0203/xing244/AF_ClaSeq/results_NC_revision/KaiB/m_fold_sampling_voting_5jyt/03_recompile/5jyt_rmsd/control_prediction/bin_11/bin11_random_seq_unrelaxed_rank_010_alphafold2_ptm_model_3_seed_006.pdb
8.163351,2.2529745,80.24076923076923,/fs/ess/PAA0203/xing244/AF_ClaSeq/results_NC_revision/KaiB/m_fold_sampling_voting_5jyt/03_recompile/5jyt_rmsd/control_prediction/bin_11/bin11_random_seq_unrelaxed_rank_020_alphafold2_ptm_model_4_seed_003.pdb
8.162235,2.3089924,78.67120879120878,/fs/ess/PAA0203/xing244/AF_ClaSeq/results_NC_revision/KaiB/m_fold_sampling_voting_5jyt/03_recompile/5jyt_rmsd/control_prediction/bin_11/bin11_random_seq_unrelaxed_rank_027_alphafold2_ptm_model_4_seed_000.pdb
8.216693,2.5343213,76.08978021978022,/fs/ess/PAA0203/xing244/AF_ClaSeq/results_NC_revision/KaiB/m_fold_sampling_voting_5jyt/03_recompile/5jyt_rmsd/control_prediction/bin_11/bin11_random_seq_unrelaxed_rank_033_alphafold2_ptm_model_1_seed_000.pdb
8.163535,2.3020005,82.66736263736263,/fs/ess/PAA0203/xing244/AF_ClaSeq/results_NC_revision/KaiB/m_fold_sampling_voting_5jyt/03_recompile/5jyt_rmsd/control_prediction/bin_11/bin11_random_seq_unrelaxed_rank_001_alphafold2_ptm_model_4_seed_004.pdb
8.093966,2.3516989,77.14296703296702,/fs/ess/PAA0203/xing244/AF_ClaSeq/results_NC_revision/KaiB/m_fold_sampling_voting_5jyt/03_recompile/5jyt_rmsd/control_prediction/bin_11/bin11_random_seq_unrelaxed_rank_031_alphafold2_ptm_model_2_seed_001.pdb
8.168672,2.4191597,81.64923076923077,/fs/ess/PAA0203/xing244/AF_ClaSeq/results_NC_revision/KaiB/m_fold_sampling_voting_5jyt/03_recompile/5jyt_rmsd/control_prediction/bin_11/bin11_random_seq_unrelaxed_rank_007_alphafold2_ptm_model_3_seed_001.pdb
8.042076,2.3638875,74.13329670329671,/fs/ess/PAA0203/xing244/AF_ClaSeq/results_NC_revision/KaiB/m_fold_sampling_voting_5jyt/03_recompile/5jyt_rmsd/control_prediction/bin_11/bin11_random_seq_unrelaxed_rank_038_alphafold2_ptm_model_2_seed_005.pdb
8.109623,2.352745,80.51373626373626,/fs/ess/PAA0203/xing244/AF_ClaSeq/results_NC_revision/KaiB/m_fold_sampling_voting_5jyt/03_recompile/5jyt_rmsd/control_prediction/bin_11/bin11_random_seq_unrelaxed_rank_017_alphafold2_ptm_model_3_seed_002.pdb
8.216155,2.4795191,78.99021978021976,/fs/ess/PAA0203/xing244/AF_ClaSeq/results_NC_revision/KaiB/m_fold_sampling_voting_5jyt/03_recompile/5jyt_rmsd/control_prediction/bin_11/bin11_random_seq_unrelaxed_rank_026_alphafold2_ptm_model_1_seed_004.pdb
8.01916,2.3714786,75.31571428571428,/fs/ess/PAA0203/xing244/AF_ClaSeq/results_NC_revision/KaiB/m_fold_sampling_voting_5jyt/03_recompile/5jyt_rmsd/control_prediction/bin_11/bin11_random_seq_unrelaxed_rank_034_alphafold2_ptm_model_2_seed_007.pdb
8.255449,2.5089405,77.15076923076923,/fs/ess/PAA0203/xing244/AF_ClaSeq/results_NC_revision/KaiB/m_fold_sampling_voting_5jyt/03_recompile/5jyt_rmsd/control_prediction/bin_11/bin11_random_seq_unrelaxed_rank_032_alphafold2_ptm_model_1_seed_003.pdb
8.146873,2.425929,81.23219780219782,/fs/ess/PAA0203/xing244/AF_ClaSeq/results_NC_revision/KaiB/m_fold_sampling_voting_5jyt/03_recompile/5jyt_rmsd/control_prediction/bin_11/bin11_random_seq_unrelaxed_rank_011_alphafold2_ptm_model_5_seed_006.pdb
8.116346,2.3790648,79.73175824175824,/fs/ess/PAA0203/xing244/AF_ClaSeq/results_NC_revision/KaiB/m_fold_sampling_voting_5jyt/03_recompile/5jyt_rmsd/control_prediction/bin_11/bin11_random_seq_unrelaxed_rank_022_alphafold2_ptm_model_3_seed_005.pdb
8.185072,2.3191428,81.02604395604396,/fs/ess/PAA0203/xing244/AF_ClaSeq/results_NC_revision/KaiB/m_fold_sampling_voting_5jyt/03_recompile/5jyt_rmsd/control_prediction/bin_11/bin11_random_seq_unrelaxed_rank_014_alphafold2_ptm_model_4_seed_006.pdb
8.043956,2.4576807,72.41505494505495,/fs/ess/PAA0203/xing244/AF_ClaSeq/results_NC_revision/KaiB/m_fold_sampling_voting_5jyt/03_recompile/5jyt_rmsd/control_prediction/bin_11/bin11_random_seq_unrelaxed_rank_040_alphafold2_ptm_model_2_seed_000.pdb
8.245496,2.5217757,77.40714285714286,/fs/ess/PAA0203/xing244/AF_ClaSeq/results_NC_revision/KaiB/m_fold_sampling_voting_5jyt/03_recompile/5jyt_rmsd/control_prediction/bin_11/bin11_random_seq_unrelaxed_rank_030_alphafold2_ptm_model_1_seed_006.pdb
8.169989,2.3849816,81.250989010989,/fs/ess/PAA0203/xing244/AF_ClaSeq/results_NC_revision/KaiB/m_fold_sampling_voting_5jyt/03_recompile/5jyt_rmsd/control_prediction/bin_11/bin11_random_seq_unrelaxed_rank_013_alphafold2_ptm_model_3_seed_003.pdb
8.245491,2.4826958,78.28637362637365,/fs/ess/PAA0203/xing244/AF_ClaSeq/results_NC_revision/KaiB/m_fold_sampling_voting_5jyt/03_recompile/5jyt_rmsd/control_prediction/bin_11/bin11_random_seq_unrelaxed_rank_029_alphafold2_ptm_model_1_seed_001.pdb
8.079149,2.3878944,73.94296703296703,/fs/ess/PAA0203/xing244/AF_ClaSeq/results_NC_revision/KaiB/m_fold_sampling_voting_5jyt/03_recompile/5jyt_rmsd/control_prediction/bin_11/bin11_random_seq_unrelaxed_rank_039_alphafold2_ptm_model_2_seed_006.pdb
8.167502,2.3404891,80.43472527472527,/fs/ess/PAA0203/xing244/AF_ClaSeq/results_NC_revision/KaiB/m_fold_sampling_voting_5jyt/03_recompile/5jyt_rmsd/control_prediction/bin_11/bin11_random_seq_unrelaxed_rank_018_alphafold2_ptm_model_4_seed_005.pdb
8.064808,2.4013717,74.579010989011,/fs/ess/PAA0203/xing244/AF_ClaSeq/results_NC_revision/KaiB/m_fold_sampling_voting_5jyt/03_recompile/5jyt_rmsd/control_prediction/bin_11/bin11_random_seq_unrelaxed_rank_036_alphafold2_ptm_model_2_seed_002.pdb
8.235523,2.4942305,78.29142857142858,/fs/ess/PAA0203/xing244/AF_ClaSeq/results_NC_revision/KaiB/m_fold_sampling_voting_5jyt/03_recompile/5jyt_rmsd/control_prediction/bin_11/bin11_random_seq_unrelaxed_rank_028_alphafold2_ptm_model_1_seed_002.pdb
8.119496,2.2295353,82.47901098901099,/fs/ess/PAA0203/xing244/AF_ClaSeq/results_NC_revision/KaiB/m_fold_sampling_voting_5jyt/03_recompile/5jyt_rmsd/control_prediction/bin_11/bin11_random_seq_unrelaxed_rank_002_alphafold2_ptm_model_4_seed_007.pdb
8.117515,2.439063,81.01329670329669,/fs/ess/PAA0203/xing244/AF_ClaSeq/results_NC_revision/KaiB/m_fold_sampling_voting_5jyt/03_recompile/5jyt_rmsd/control_prediction/bin_11/bin11_random_seq_unrelaxed_rank_015_alphafold2_ptm_model_5_seed_002.pdb
8.17322,2.4134119,79.1557142857143,/fs/ess/PAA0203/xing244/AF_ClaSeq/results_NC_revision/KaiB/m_fold_sampling_voting_5jyt/03_recompile/5jyt_rmsd/control_prediction/bin_11/bin11_random_seq_unrelaxed_rank_025_alphafold2_ptm_model_1_seed_007.pdb
8.087145,2.4286435,81.97,/fs/ess/PAA0203/xing244/AF_ClaSeq/results_NC_revision/KaiB/m_fold_sampling_voting_5jyt/03_recompile/5jyt_rmsd/control_prediction/bin_11/bin11_random_seq_unrelaxed_rank_005_alphafold2_ptm_model_5_seed_004.pdb
8.10541,2.4308543,80.02384615384616,/fs/ess/PAA0203/xing244/AF_ClaSeq/results_NC_revision/KaiB/m_fold_sampling_voting_5jyt/03_recompile/5jyt_rmsd/control_prediction/bin_11/bin11_random_seq_unrelaxed_rank_021_alphafold2_ptm_model_5_seed_000.pdb
8.154318,2.283464,82.12,/fs/ess/PAA0203/xing244/AF_ClaSeq/results_NC_revision/KaiB/m_fold_sampling_voting_5jyt/03_recompile/5jyt_rmsd/control_prediction/bin_11/bin11_random_seq_unrelaxed_rank_004_alphafold2_ptm_model_4_seed_002.pdb
8.092058,2.3806176,80.66846153846154,/fs/ess/PAA0203/xing244/AF_ClaSeq/results_NC_revision/KaiB/m_fold_sampling_voting_5jyt/03_recompile/5jyt_rmsd/control_prediction/bin_11/bin11_random_seq_unrelaxed_rank_016_alphafold2_ptm_model_5_seed_003.pdb
