2qke_tmscore,5jyt_tmscore,pLDDT,pdb_path
0.91128,0.52506,85.47637362637363,results_updated/KaiB/run1/m_fold_sampling_voting_2qke/03_recompile/2qke_tmscore/prediction/bin_51/bin51_sequences_unrelaxed_rank_009_alphafold2_ptm_model_4_seed_000.pdb
0.91343,0.51834,87.01978021978022,results_updated/KaiB/run1/m_fold_sampling_voting_2qke/03_recompile/2qke_tmscore/prediction/bin_51/bin51_sequences_unrelaxed_rank_002_alphafold2_ptm_model_4_seed_003.pdb
0.90359,0.5364,82.19945054945056,results_updated/KaiB/run1/m_fold_sampling_voting_2qke/03_recompile/2qke_tmscore/prediction/bin_51/bin51_sequences_unrelaxed_rank_037_alphafold2_ptm_model_2_seed_004.pdb
0.90708,0.54021,81.70604395604396,results_updated/KaiB/run1/m_fold_sampling_voting_2qke/03_recompile/2qke_tmscore/prediction/bin_51/bin51_sequences_unrelaxed_rank_039_alphafold2_ptm_model_2_seed_005.pdb
0.91316,0.53108,86.06978021978023,results_updated/KaiB/run1/m_fold_sampling_voting_2qke/03_recompile/2qke_tmscore/prediction/bin_51/bin51_sequences_unrelaxed_rank_004_alphafold2_ptm_model_3_seed_003.pdb
0.91704,0.52987,84.13736263736264,results_updated/KaiB/run1/m_fold_sampling_voting_2qke/03_recompile/2qke_tmscore/prediction/bin_51/bin51_sequences_unrelaxed_rank_028_alphafold2_ptm_model_5_seed_000.pdb
0.91146,0.53735,84.70747252747253,results_updated/KaiB/run1/m_fold_sampling_voting_2qke/03_recompile/2qke_tmscore/prediction/bin_51/bin51_sequences_unrelaxed_rank_022_alphafold2_ptm_model_1_seed_004.pdb
0.91478,0.52719,85.07241758241757,results_updated/KaiB/run1/m_fold_sampling_voting_2qke/03_recompile/2qke_tmscore/prediction/bin_51/bin51_sequences_unrelaxed_rank_013_alphafold2_ptm_model_5_seed_001.pdb
0.91535,0.5238,84.748021978022,results_updated/KaiB/run1/m_fold_sampling_voting_2qke/03_recompile/2qke_tmscore/prediction/bin_51/bin51_sequences_unrelaxed_rank_019_alphafold2_ptm_model_5_seed_006.pdb
0.9176,0.53146,83.15868131868132,results_updated/KaiB/run1/m_fold_sampling_voting_2qke/03_recompile/2qke_tmscore/prediction/bin_51/bin51_sequences_unrelaxed_rank_032_alphafold2_ptm_model_5_seed_005.pdb
0.91329,0.53856,82.98032967032968,results_updated/KaiB/run1/m_fold_sampling_voting_2qke/03_recompile/2qke_tmscore/prediction/bin_51/bin51_sequences_unrelaxed_rank_033_alphafold2_ptm_model_1_seed_007.pdb
0.91248,0.52436,85.70296703296702,results_updated/KaiB/run1/m_fold_sampling_voting_2qke/03_recompile/2qke_tmscore/prediction/bin_51/bin51_sequences_unrelaxed_rank_006_alphafold2_ptm_model_4_seed_007.pdb
0.91258,0.53543,84.9523076923077,results_updated/KaiB/run1/m_fold_sampling_voting_2qke/03_recompile/2qke_tmscore/prediction/bin_51/bin51_sequences_unrelaxed_rank_015_alphafold2_ptm_model_3_seed_002.pdb
0.91652,0.525,86.08626373626375,results_updated/KaiB/run1/m_fold_sampling_voting_2qke/03_recompile/2qke_tmscore/prediction/bin_51/bin51_sequences_unrelaxed_rank_005_alphafold2_ptm_model_4_seed_001.pdb
0.91416,0.53318,84.05032967032967,results_updated/KaiB/run1/m_fold_sampling_voting_2qke/03_recompile/2qke_tmscore/prediction/bin_51/bin51_sequences_unrelaxed_rank_029_alphafold2_ptm_model_2_seed_002.pdb
0.91058,0.53204,84.60516483516483,results_updated/KaiB/run1/m_fold_sampling_voting_2qke/03_recompile/2qke_tmscore/prediction/bin_51/bin51_sequences_unrelaxed_rank_024_alphafold2_ptm_model_3_seed_007.pdb
0.9086,0.53879,82.00241758241758,results_updated/KaiB/run1/m_fold_sampling_voting_2qke/03_recompile/2qke_tmscore/prediction/bin_51/bin51_sequences_unrelaxed_rank_038_alphafold2_ptm_model_2_seed_001.pdb
0.91511,0.52893,85.2646153846154,results_updated/KaiB/run1/m_fold_sampling_voting_2qke/03_recompile/2qke_tmscore/prediction/bin_51/bin51_sequences_unrelaxed_rank_011_alphafold2_ptm_model_5_seed_004.pdb
0.91687,0.52698,84.71846153846153,results_updated/KaiB/run1/m_fold_sampling_voting_2qke/03_recompile/2qke_tmscore/prediction/bin_51/bin51_sequences_unrelaxed_rank_021_alphafold2_ptm_model_5_seed_007.pdb
0.91231,0.53706,84.67175824175823,results_updated/KaiB/run1/m_fold_sampling_voting_2qke/03_recompile/2qke_tmscore/prediction/bin_51/bin51_sequences_unrelaxed_rank_020_alphafold2_ptm_model_3_seed_001.pdb
0.91169,0.53348,84.84098901098899,results_updated/KaiB/run1/m_fold_sampling_voting_2qke/03_recompile/2qke_tmscore/prediction/bin_51/bin51_sequences_unrelaxed_rank_017_alphafold2_ptm_model_3_seed_000.pdb
0.91298,0.5196,85.61516483516485,results_updated/KaiB/run1/m_fold_sampling_voting_2qke/03_recompile/2qke_tmscore/prediction/bin_51/bin51_sequences_unrelaxed_rank_007_alphafold2_ptm_model_4_seed_006.pdb
0.9092,0.53828,85.26923076923077,results_updated/KaiB/run1/m_fold_sampling_voting_2qke/03_recompile/2qke_tmscore/prediction/bin_51/bin51_sequences_unrelaxed_rank_010_alphafold2_ptm_model_3_seed_004.pdb
0.91054,0.53275,84.41637362637363,results_updated/KaiB/run1/m_fold_sampling_voting_2qke/03_recompile/2qke_tmscore/prediction/bin_51/bin51_sequences_unrelaxed_rank_026_alphafold2_ptm_model_2_seed_003.pdb
0.91314,0.53695,84.96065934065935,results_updated/KaiB/run1/m_fold_sampling_voting_2qke/03_recompile/2qke_tmscore/prediction/bin_51/bin51_sequences_unrelaxed_rank_014_alphafold2_ptm_model_1_seed_003.pdb
0.90985,0.53815,82.33230769230768,results_updated/KaiB/run1/m_fold_sampling_voting_2qke/03_recompile/2qke_tmscore/prediction/bin_51/bin51_sequences_unrelaxed_rank_036_alphafold2_ptm_model_2_seed_007.pdb
0.91415,0.53918,84.38208791208791,results_updated/KaiB/run1/m_fold_sampling_voting_2qke/03_recompile/2qke_tmscore/prediction/bin_51/bin51_sequences_unrelaxed_rank_027_alphafold2_ptm_model_1_seed_001.pdb
0.91082,0.53829,84.57758241758242,results_updated/KaiB/run1/m_fold_sampling_voting_2qke/03_recompile/2qke_tmscore/prediction/bin_51/bin51_sequences_unrelaxed_rank_025_alphafold2_ptm_model_3_seed_005.pdb
0.91679,0.52789,84.80483516483517,results_updated/KaiB/run1/m_fold_sampling_voting_2qke/03_recompile/2qke_tmscore/prediction/bin_51/bin51_sequences_unrelaxed_rank_016_alphafold2_ptm_model_5_seed_002.pdb
0.9098,0.53799,83.81340659340658,results_updated/KaiB/run1/m_fold_sampling_voting_2qke/03_recompile/2qke_tmscore/prediction/bin_51/bin51_sequences_unrelaxed_rank_030_alphafold2_ptm_model_1_seed_006.pdb
0.91252,0.53617,84.63934065934066,results_updated/KaiB/run1/m_fold_sampling_voting_2qke/03_recompile/2qke_tmscore/prediction/bin_51/bin51_sequences_unrelaxed_rank_023_alphafold2_ptm_model_1_seed_002.pdb
0.91243,0.52126,87.31714285714287,results_updated/KaiB/run1/m_fold_sampling_voting_2qke/03_recompile/2qke_tmscore/prediction/bin_51/bin51_sequences_unrelaxed_rank_001_alphafold2_ptm_model_4_seed_004.pdb
0.90909,0.54031,82.96,results_updated/KaiB/run1/m_fold_sampling_voting_2qke/03_recompile/2qke_tmscore/prediction/bin_51/bin51_sequences_unrelaxed_rank_035_alphafold2_ptm_model_2_seed_000.pdb
0.9053,0.53695,81.26868131868132,results_updated/KaiB/run1/m_fold_sampling_voting_2qke/03_recompile/2qke_tmscore/prediction/bin_51/bin51_sequences_unrelaxed_rank_040_alphafold2_ptm_model_2_seed_006.pdb
0.91114,0.53482,85.53252747252748,results_updated/KaiB/run1/m_fold_sampling_voting_2qke/03_recompile/2qke_tmscore/prediction/bin_51/bin51_sequences_unrelaxed_rank_008_alphafold2_ptm_model_3_seed_006.pdb
0.92012,0.52818,85.1953846153846,results_updated/KaiB/run1/m_fold_sampling_voting_2qke/03_recompile/2qke_tmscore/prediction/bin_51/bin51_sequences_unrelaxed_rank_012_alphafold2_ptm_model_5_seed_003.pdb
0.91183,0.52012,86.38054945054945,results_updated/KaiB/run1/m_fold_sampling_voting_2qke/03_recompile/2qke_tmscore/prediction/bin_51/bin51_sequences_unrelaxed_rank_003_alphafold2_ptm_model_4_seed_002.pdb
0.91109,0.54169,83.57263736263737,results_updated/KaiB/run1/m_fold_sampling_voting_2qke/03_recompile/2qke_tmscore/prediction/bin_51/bin51_sequences_unrelaxed_rank_031_alphafold2_ptm_model_1_seed_000.pdb
0.91505,0.52941,84.75999999999999,results_updated/KaiB/run1/m_fold_sampling_voting_2qke/03_recompile/2qke_tmscore/prediction/bin_51/bin51_sequences_unrelaxed_rank_018_alphafold2_ptm_model_4_seed_005.pdb
0.91126,0.54209,83.01505494505494,results_updated/KaiB/run1/m_fold_sampling_voting_2qke/03_recompile/2qke_tmscore/prediction/bin_51/bin51_sequences_unrelaxed_rank_034_alphafold2_ptm_model_1_seed_005.pdb
