TM3_TM6_distance,G361_phi,pLDDT,pdb_path
21.914455851640437,85.43217381499227,87.43445569620252,results_updated/GLP1R/run3/m_fold_sampling_voting/03_recompile/TM3_TM6_distance/prediction/bin_76/bin76_sequences_unrelaxed_rank_039_alphafold2_ptm_model_1_seed_007.pdb
22.060531788880724,80.56756332680409,90.94810126582279,results_updated/GLP1R/run3/m_fold_sampling_voting/03_recompile/TM3_TM6_distance/prediction/bin_76/bin76_sequences_unrelaxed_rank_022_alphafold2_ptm_model_1_seed_005.pdb
21.833987190263674,81.93092763013973,91.3501518987342,results_updated/GLP1R/run3/m_fold_sampling_voting/03_recompile/TM3_TM6_distance/prediction/bin_76/bin76_sequences_unrelaxed_rank_012_alphafold2_ptm_model_4_seed_005.pdb
21.808121882606013,81.74547152857586,88.76562025316456,results_updated/GLP1R/run3/m_fold_sampling_voting/03_recompile/TM3_TM6_distance/prediction/bin_76/bin76_sequences_unrelaxed_rank_036_alphafold2_ptm_model_3_seed_004.pdb
21.65643769329772,82.02951486870371,91.88372151898733,results_updated/GLP1R/run3/m_fold_sampling_voting/03_recompile/TM3_TM6_distance/prediction/bin_76/bin76_sequences_unrelaxed_rank_005_alphafold2_ptm_model_3_seed_002.pdb
22.11356313940296,78.91750789858422,91.95227848101268,results_updated/GLP1R/run3/m_fold_sampling_voting/03_recompile/TM3_TM6_distance/prediction/bin_76/bin76_sequences_unrelaxed_rank_002_alphafold2_ptm_model_3_seed_000.pdb
21.369258256318556,91.16695788067751,89.97508860759494,results_updated/GLP1R/run3/m_fold_sampling_voting/03_recompile/TM3_TM6_distance/prediction/bin_76/bin76_sequences_unrelaxed_rank_035_alphafold2_ptm_model_2_seed_007.pdb
21.655514674292007,83.75180733371938,87.49584810126582,results_updated/GLP1R/run3/m_fold_sampling_voting/03_recompile/TM3_TM6_distance/prediction/bin_76/bin76_sequences_unrelaxed_rank_038_alphafold2_ptm_model_1_seed_004.pdb
22.685732257809498,79.60361166792579,91.02977215189873,results_updated/GLP1R/run3/m_fold_sampling_voting/03_recompile/TM3_TM6_distance/prediction/bin_76/bin76_sequences_unrelaxed_rank_021_alphafold2_ptm_model_5_seed_007.pdb
22.555227364795154,83.58991881896448,91.20845569620252,results_updated/GLP1R/run3/m_fold_sampling_voting/03_recompile/TM3_TM6_distance/prediction/bin_76/bin76_sequences_unrelaxed_rank_019_alphafold2_ptm_model_5_seed_001.pdb
21.579681548028372,87.448022155569,90.56888607594937,results_updated/GLP1R/run3/m_fold_sampling_voting/03_recompile/TM3_TM6_distance/prediction/bin_76/bin76_sequences_unrelaxed_rank_033_alphafold2_ptm_model_2_seed_002.pdb
21.326482195719525,88.24353213814942,86.51779746835443,results_updated/GLP1R/run3/m_fold_sampling_voting/03_recompile/TM3_TM6_distance/prediction/bin_76/bin76_sequences_unrelaxed_rank_040_alphafold2_ptm_model_2_seed_004.pdb
21.845220214467165,82.41973466228782,91.41296202531645,results_updated/GLP1R/run3/m_fold_sampling_voting/03_recompile/TM3_TM6_distance/prediction/bin_76/bin76_sequences_unrelaxed_rank_011_alphafold2_ptm_model_4_seed_000.pdb
21.97375290641407,81.60721323742567,90.51812658227848,results_updated/GLP1R/run3/m_fold_sampling_voting/03_recompile/TM3_TM6_distance/prediction/bin_76/bin76_sequences_unrelaxed_rank_034_alphafold2_ptm_model_1_seed_000.pdb
21.784221783842163,84.56687851068772,90.54121518987341,results_updated/GLP1R/run3/m_fold_sampling_voting/03_recompile/TM3_TM6_distance/prediction/bin_76/bin76_sequences_unrelaxed_rank_032_alphafold2_ptm_model_2_seed_003.pdb
22.83217279509622,81.88181430983454,91.27111392405062,results_updated/GLP1R/run3/m_fold_sampling_voting/03_recompile/TM3_TM6_distance/prediction/bin_76/bin76_sequences_unrelaxed_rank_016_alphafold2_ptm_model_5_seed_006.pdb
21.710100244613503,83.82090190479342,91.83263291139241,results_updated/GLP1R/run3/m_fold_sampling_voting/03_recompile/TM3_TM6_distance/prediction/bin_76/bin76_sequences_unrelaxed_rank_006_alphafold2_ptm_model_3_seed_007.pdb
21.841964074718753,83.15755369856656,90.89582278481014,results_updated/GLP1R/run3/m_fold_sampling_voting/03_recompile/TM3_TM6_distance/prediction/bin_76/bin76_sequences_unrelaxed_rank_024_alphafold2_ptm_model_1_seed_001.pdb
21.772354438596754,82.72036191392112,91.4527848101266,results_updated/GLP1R/run3/m_fold_sampling_voting/03_recompile/TM3_TM6_distance/prediction/bin_76/bin76_sequences_unrelaxed_rank_010_alphafold2_ptm_model_4_seed_002.pdb
22.01926987499744,83.10101719140604,90.9426835443038,results_updated/GLP1R/run3/m_fold_sampling_voting/03_recompile/TM3_TM6_distance/prediction/bin_76/bin76_sequences_unrelaxed_rank_023_alphafold2_ptm_model_1_seed_006.pdb
22.416688786162332,82.04965996973999,91.18070886075948,results_updated/GLP1R/run3/m_fold_sampling_voting/03_recompile/TM3_TM6_distance/prediction/bin_76/bin76_sequences_unrelaxed_rank_017_alphafold2_ptm_model_5_seed_002.pdb
22.16458115111429,79.54721798346299,90.70878481012659,results_updated/GLP1R/run3/m_fold_sampling_voting/03_recompile/TM3_TM6_distance/prediction/bin_76/bin76_sequences_unrelaxed_rank_028_alphafold2_ptm_model_1_seed_003.pdb
21.608773693763727,84.53111355888451,90.80030379746836,results_updated/GLP1R/run3/m_fold_sampling_voting/03_recompile/TM3_TM6_distance/prediction/bin_76/bin76_sequences_unrelaxed_rank_026_alphafold2_ptm_model_4_seed_004.pdb
21.84235907264483,81.65488331703034,91.9066835443038,results_updated/GLP1R/run3/m_fold_sampling_voting/03_recompile/TM3_TM6_distance/prediction/bin_76/bin76_sequences_unrelaxed_rank_004_alphafold2_ptm_model_3_seed_001.pdb
22.599908294875107,78.28435004242633,91.08045569620253,results_updated/GLP1R/run3/m_fold_sampling_voting/03_recompile/TM3_TM6_distance/prediction/bin_76/bin76_sequences_unrelaxed_rank_020_alphafold2_ptm_model_5_seed_003.pdb
21.878202535349985,85.27253960492567,90.81524050632912,results_updated/GLP1R/run3/m_fold_sampling_voting/03_recompile/TM3_TM6_distance/prediction/bin_76/bin76_sequences_unrelaxed_rank_027_alphafold2_ptm_model_1_seed_002.pdb
21.67820035964957,84.69313975216095,90.80217721518987,results_updated/GLP1R/run3/m_fold_sampling_voting/03_recompile/TM3_TM6_distance/prediction/bin_76/bin76_sequences_unrelaxed_rank_025_alphafold2_ptm_model_2_seed_000.pdb
22.41899637818938,78.16505872484912,91.31655696202532,results_updated/GLP1R/run3/m_fold_sampling_voting/03_recompile/TM3_TM6_distance/prediction/bin_76/bin76_sequences_unrelaxed_rank_015_alphafold2_ptm_model_5_seed_000.pdb
21.799104116804806,88.65203088277615,90.63850632911392,results_updated/GLP1R/run3/m_fold_sampling_voting/03_recompile/TM3_TM6_distance/prediction/bin_76/bin76_sequences_unrelaxed_rank_029_alphafold2_ptm_model_2_seed_006.pdb
22.17022913409596,82.18080147480273,92.06045569620252,results_updated/GLP1R/run3/m_fold_sampling_voting/03_recompile/TM3_TM6_distance/prediction/bin_76/bin76_sequences_unrelaxed_rank_001_alphafold2_ptm_model_3_seed_006.pdb
22.076830668520927,78.88274332662199,91.83635443037974,results_updated/GLP1R/run3/m_fold_sampling_voting/03_recompile/TM3_TM6_distance/prediction/bin_76/bin76_sequences_unrelaxed_rank_007_alphafold2_ptm_model_3_seed_003.pdb
22.548239893462117,77.93950695218761,91.19554430379746,results_updated/GLP1R/run3/m_fold_sampling_voting/03_recompile/TM3_TM6_distance/prediction/bin_76/bin76_sequences_unrelaxed_rank_018_alphafold2_ptm_model_5_seed_005.pdb
21.841817813735673,84.5995034609951,91.55756962025318,results_updated/GLP1R/run3/m_fold_sampling_voting/03_recompile/TM3_TM6_distance/prediction/bin_76/bin76_sequences_unrelaxed_rank_008_alphafold2_ptm_model_4_seed_007.pdb
21.687709529749778,87.64519417919162,90.57999999999998,results_updated/GLP1R/run3/m_fold_sampling_voting/03_recompile/TM3_TM6_distance/prediction/bin_76/bin76_sequences_unrelaxed_rank_031_alphafold2_ptm_model_2_seed_001.pdb
21.427679199512642,86.4883610377397,90.60822784810127,results_updated/GLP1R/run3/m_fold_sampling_voting/03_recompile/TM3_TM6_distance/prediction/bin_76/bin76_sequences_unrelaxed_rank_030_alphafold2_ptm_model_2_seed_005.pdb
21.781901006108882,85.2468581889835,91.35807594936709,results_updated/GLP1R/run3/m_fold_sampling_voting/03_recompile/TM3_TM6_distance/prediction/bin_76/bin76_sequences_unrelaxed_rank_014_alphafold2_ptm_model_4_seed_001.pdb
21.77903884329343,79.76957567894826,91.90556962025316,results_updated/GLP1R/run3/m_fold_sampling_voting/03_recompile/TM3_TM6_distance/prediction/bin_76/bin76_sequences_unrelaxed_rank_003_alphafold2_ptm_model_3_seed_005.pdb
22.025609224264645,79.50232455042105,91.45022784810126,results_updated/GLP1R/run3/m_fold_sampling_voting/03_recompile/TM3_TM6_distance/prediction/bin_76/bin76_sequences_unrelaxed_rank_009_alphafold2_ptm_model_4_seed_003.pdb
21.910963278607372,84.11597042618189,91.38096202531645,results_updated/GLP1R/run3/m_fold_sampling_voting/03_recompile/TM3_TM6_distance/prediction/bin_76/bin76_sequences_unrelaxed_rank_013_alphafold2_ptm_model_4_seed_006.pdb
22.48380323632534,82.6888888965446,87.72243037974684,results_updated/GLP1R/run3/m_fold_sampling_voting/03_recompile/TM3_TM6_distance/prediction/bin_76/bin76_sequences_unrelaxed_rank_037_alphafold2_ptm_model_5_seed_004.pdb
