PDB,plddt,local_plddt,2lhd_rmsd,2lhc_rmsd,seq_count
/af_cluster_compar/GB98/pred/2lhd/GB98_001_unrelaxed_rank_003_alphafold2_ptm_model_5_seed_000.pdb,95.98464285714284,95.98464285714284,1.6363408184815789,9.022547225427678,87
/af_cluster_compar/GB98/pred/2lhd/GB98_001_unrelaxed_rank_025_alphafold2_ptm_model_3_seed_006.pdb,63.02178571428571,63.02178571428571,8.956302691857884,9.36202221658471,87
/af_cluster_compar/GB98/pred/2lhd/GB98_001_unrelaxed_rank_023_alphafold2_ptm_model_3_seed_001.pdb,63.703214285714296,63.703214285714296,8.985311935332447,9.167269838372594,87
/af_cluster_compar/GB98/pred/2lhd/GB98_001_unrelaxed_rank_035_alphafold2_ptm_model_2_seed_000.pdb,59.36464285714287,59.36464285714287,9.070442502467907,9.681441745334588,87
/af_cluster_compar/GB98/pred/2lhd/GB98_001_unrelaxed_rank_038_alphafold2_ptm_model_1_seed_004.pdb,58.065357142857145,58.065357142857145,8.672536534713059,9.44305018788227,87
/af_cluster_compar/GB98/pred/2lhd/GB98_001_unrelaxed_rank_029_alphafold2_ptm_model_1_seed_006.pdb,61.71178571428571,61.71178571428571,8.892586828384767,9.281701520090143,87
/af_cluster_compar/GB98/pred/2lhd/GB98_001_unrelaxed_rank_019_alphafold2_ptm_model_3_seed_004.pdb,64.83982142857143,64.83982142857143,8.899017744118037,9.256199405229355,87
/af_cluster_compar/GB98/pred/2lhd/GB98_001_unrelaxed_rank_037_alphafold2_ptm_model_5_seed_001.pdb,58.917500000000004,58.917500000000004,8.910552779041007,9.399384782297407,87
/af_cluster_compar/GB98/pred/2lhd/GB98_001_unrelaxed_rank_027_alphafold2_ptm_model_3_seed_007.pdb,62.79892857142857,62.79892857142857,9.087046400930712,9.449671941338604,87
/af_cluster_compar/GB98/pred/2lhd/GB98_001_unrelaxed_rank_014_alphafold2_ptm_model_2_seed_001.pdb,69.76071428571429,69.76071428571429,9.541496707720253,9.669865880579119,87
/af_cluster_compar/GB98/pred/2lhd/GB98_001_unrelaxed_rank_016_alphafold2_ptm_model_2_seed_007.pdb,68.44839285714286,68.44839285714286,9.467430432190428,9.561456267940304,87
/af_cluster_compar/GB98/pred/2lhd/GB98_001_unrelaxed_rank_022_alphafold2_ptm_model_3_seed_002.pdb,63.83589285714286,63.83589285714286,9.03860407471174,9.275056373828681,87
/af_cluster_compar/GB98/pred/2lhd/GB98_001_unrelaxed_rank_010_alphafold2_ptm_model_4_seed_004.pdb,94.92660714285712,94.92660714285712,1.6077262952874238,9.05263081878842,87
/af_cluster_compar/GB98/pred/2lhd/GB98_001_unrelaxed_rank_033_alphafold2_ptm_model_4_seed_007.pdb,60.23017857142857,60.23017857142857,9.016420191065208,9.430348689383996,87
/af_cluster_compar/GB98/pred/2lhd/GB98_001_unrelaxed_rank_015_alphafold2_ptm_model_2_seed_002.pdb,68.8375,68.8375,9.533147592059308,9.607632371558203,87
/af_cluster_compar/GB98/pred/2lhd/GB98_001_unrelaxed_rank_008_alphafold2_ptm_model_4_seed_003.pdb,95.12196428571424,95.12196428571424,1.599455987589379,9.03009052283186,87
/af_cluster_compar/GB98/pred/2lhd/GB98_001_unrelaxed_rank_026_alphafold2_ptm_model_4_seed_001.pdb,62.99446428571429,62.99446428571429,9.082336891293437,9.407952719660603,87
/af_cluster_compar/GB98/pred/2lhd/GB98_001_unrelaxed_rank_030_alphafold2_ptm_model_2_seed_005.pdb,61.6825,61.6825,9.21216377952438,9.69324896231798,87
/af_cluster_compar/GB98/pred/2lhd/GB98_001_unrelaxed_rank_013_alphafold2_ptm_model_1_seed_000.pdb,91.1617857142857,91.1617857142857,1.6614356180450096,8.954486983562996,87
/af_cluster_compar/GB98/pred/2lhd/GB98_001_unrelaxed_rank_018_alphafold2_ptm_model_2_seed_004.pdb,66.32464285714285,66.32464285714285,9.50361156986714,9.630812613073996,87
/af_cluster_compar/GB98/pred/2lhd/GB98_001_unrelaxed_rank_001_alphafold2_ptm_model_5_seed_004.pdb,96.42535714285711,96.42535714285711,1.646637423538947,9.040523213240972,87
/af_cluster_compar/GB98/pred/2lhd/GB98_001_unrelaxed_rank_036_alphafold2_ptm_model_1_seed_002.pdb,59.10375,59.10375,8.682544290846552,9.341514144179584,87
/af_cluster_compar/GB98/pred/2lhd/GB98_001_unrelaxed_rank_004_alphafold2_ptm_model_5_seed_003.pdb,95.92499999999998,95.92499999999998,1.6271779599524947,9.010840078188014,87
/af_cluster_compar/GB98/pred/2lhd/GB98_001_unrelaxed_rank_005_alphafold2_ptm_model_5_seed_006.pdb,95.68089285714288,95.68089285714288,1.641304120902618,9.031879388418163,87
/af_cluster_compar/GB98/pred/2lhd/GB98_001_unrelaxed_rank_040_alphafold2_ptm_model_1_seed_003.pdb,56.78249999999999,56.78249999999999,8.551225795939423,9.175883437078955,87
/af_cluster_compar/GB98/pred/2lhd/GB98_001_unrelaxed_rank_007_alphafold2_ptm_model_5_seed_005.pdb,95.40535714285716,95.40535714285716,1.637918236627787,9.057183710861764,87
/af_cluster_compar/GB98/pred/2lhd/GB98_001_unrelaxed_rank_024_alphafold2_ptm_model_3_seed_005.pdb,63.669107142857136,63.669107142857136,8.955948962413789,9.251951408104217,87
/af_cluster_compar/GB98/pred/2lhd/GB98_001_unrelaxed_rank_031_alphafold2_ptm_model_1_seed_007.pdb,61.118571428571435,61.118571428571435,8.812499006589197,9.177130842727179,87
/af_cluster_compar/GB98/pred/2lhd/GB98_001_unrelaxed_rank_012_alphafold2_ptm_model_4_seed_000.pdb,93.87089285714286,93.87089285714286,1.631875532644525,9.052363158027077,87
/af_cluster_compar/GB98/pred/2lhd/GB98_001_unrelaxed_rank_039_alphafold2_ptm_model_1_seed_005.pdb,57.00017857142857,57.00017857142857,8.253395474962833,9.190583139335839,87
/af_cluster_compar/GB98/pred/2lhd/GB98_001_unrelaxed_rank_009_alphafold2_ptm_model_4_seed_002.pdb,95.03250000000003,95.03250000000003,1.603064376291585,9.04041819642941,87
/af_cluster_compar/GB98/pred/2lhd/GB98_001_unrelaxed_rank_028_alphafold2_ptm_model_3_seed_000.pdb,62.471607142857145,62.471607142857145,9.03810403864288,9.441417522626715,87
/af_cluster_compar/GB98/pred/2lhd/GB98_001_unrelaxed_rank_011_alphafold2_ptm_model_4_seed_005.pdb,94.55089285714288,94.55089285714288,1.6077930920656172,9.043353092767639,87
/af_cluster_compar/GB98/pred/2lhd/GB98_001_unrelaxed_rank_032_alphafold2_ptm_model_1_seed_001.pdb,60.500714285714274,60.500714285714274,8.972553920559726,9.20601491099986,87
/af_cluster_compar/GB98/pred/2lhd/GB98_001_unrelaxed_rank_017_alphafold2_ptm_model_4_seed_006.pdb,66.60964285714284,66.60964285714284,9.192411184249037,9.455399294690217,87
/af_cluster_compar/GB98/pred/2lhd/GB98_001_unrelaxed_rank_020_alphafold2_ptm_model_3_seed_003.pdb,64.43392857142858,64.43392857142858,8.907853018594231,9.106211111807205,87
/af_cluster_compar/GB98/pred/2lhd/GB98_001_unrelaxed_rank_034_alphafold2_ptm_model_2_seed_003.pdb,59.736250000000005,59.736250000000005,9.152038880578154,9.747353412078882,87
/af_cluster_compar/GB98/pred/2lhd/GB98_001_unrelaxed_rank_006_alphafold2_ptm_model_5_seed_007.pdb,95.69500000000001,95.69500000000001,1.6306399484231466,9.02733889781812,87
/af_cluster_compar/GB98/pred/2lhd/GB98_001_unrelaxed_rank_002_alphafold2_ptm_model_5_seed_002.pdb,96.24517857142857,96.24517857142857,1.6466103228727829,9.037105287673535,87
/af_cluster_compar/GB98/pred/2lhd/GB98_001_unrelaxed_rank_021_alphafold2_ptm_model_2_seed_006.pdb,64.05964285714285,64.05964285714285,9.39077786195844,9.533450816070124,87
