2lhd_rmsd,2lhc_rmsd,pLDDT,pdb_path
1.6237181,9.008798,92.33642857142857,/fs/ess/PAA0203/xing244/AF_ClaSeq/results/supple_cases/GB98/run1/03_recompile/2lhd_rmsd/prediction/bin_5/bin5_sequences_unrelaxed_rank_023_alphafold2_ptm_model_4_seed_006.pdb
1.566129,8.968884,91.75142857142858,/fs/ess/PAA0203/xing244/AF_ClaSeq/results/supple_cases/GB98/run1/03_recompile/2lhd_rmsd/prediction/bin_5/bin5_sequences_unrelaxed_rank_057_alphafold2_ptm_model_3_seed_011.pdb
1.6116025,9.019938,91.93482142857144,/fs/ess/PAA0203/xing244/AF_ClaSeq/results/supple_cases/GB98/run1/03_recompile/2lhd_rmsd/prediction/bin_5/bin5_sequences_unrelaxed_rank_051_alphafold2_ptm_model_4_seed_008.pdb
1.5959413,8.963089,92.14464285714287,/fs/ess/PAA0203/xing244/AF_ClaSeq/results/supple_cases/GB98/run1/03_recompile/2lhd_rmsd/prediction/bin_5/bin5_sequences_unrelaxed_rank_035_alphafold2_ptm_model_2_seed_011.pdb
1.616245,8.991317,91.47464285714285,/fs/ess/PAA0203/xing244/AF_ClaSeq/results/supple_cases/GB98/run1/03_recompile/2lhd_rmsd/prediction/bin_5/bin5_sequences_unrelaxed_rank_065_alphafold2_ptm_model_1_seed_001.pdb
1.6091495,9.012824,92.02267857142859,/fs/ess/PAA0203/xing244/AF_ClaSeq/results/supple_cases/GB98/run1/03_recompile/2lhd_rmsd/prediction/bin_5/bin5_sequences_unrelaxed_rank_047_alphafold2_ptm_model_4_seed_007.pdb
1.6080403,9.00531,92.10285714285715,/fs/ess/PAA0203/xing244/AF_ClaSeq/results/supple_cases/GB98/run1/03_recompile/2lhd_rmsd/prediction/bin_5/bin5_sequences_unrelaxed_rank_033_alphafold2_ptm_model_4_seed_002.pdb
1.613892,8.996014,91.9094642857143,/fs/ess/PAA0203/xing244/AF_ClaSeq/results/supple_cases/GB98/run1/03_recompile/2lhd_rmsd/prediction/bin_5/bin5_sequences_unrelaxed_rank_054_alphafold2_ptm_model_4_seed_012.pdb
1.5637952,8.982424,92.00982142857143,/fs/ess/PAA0203/xing244/AF_ClaSeq/results/supple_cases/GB98/run1/03_recompile/2lhd_rmsd/prediction/bin_5/bin5_sequences_unrelaxed_rank_049_alphafold2_ptm_model_3_seed_000.pdb
1.6448203,8.995191,92.43124999999999,/fs/ess/PAA0203/xing244/AF_ClaSeq/results/supple_cases/GB98/run1/03_recompile/2lhd_rmsd/prediction/bin_5/bin5_sequences_unrelaxed_rank_017_alphafold2_ptm_model_5_seed_007.pdb
1.5727928,8.979368,92.01232142857144,/fs/ess/PAA0203/xing244/AF_ClaSeq/results/supple_cases/GB98/run1/03_recompile/2lhd_rmsd/prediction/bin_5/bin5_sequences_unrelaxed_rank_042_alphafold2_ptm_model_3_seed_005.pdb
1.6415033,8.99729,93.02660714285715,/fs/ess/PAA0203/xing244/AF_ClaSeq/results/supple_cases/GB98/run1/03_recompile/2lhd_rmsd/prediction/bin_5/bin5_sequences_unrelaxed_rank_004_alphafold2_ptm_model_5_seed_003.pdb
1.6083122,9.010281,92.91196428571428,/fs/ess/PAA0203/xing244/AF_ClaSeq/results/supple_cases/GB98/run1/03_recompile/2lhd_rmsd/prediction/bin_5/bin5_sequences_unrelaxed_rank_005_alphafold2_ptm_model_4_seed_003.pdb
1.6423309,8.99957,92.93517857142857,/fs/ess/PAA0203/xing244/AF_ClaSeq/results/supple_cases/GB98/run1/03_recompile/2lhd_rmsd/prediction/bin_5/bin5_sequences_unrelaxed_rank_006_alphafold2_ptm_model_5_seed_005.pdb
1.5898614,8.975456,90.95964285714285,/fs/ess/PAA0203/xing244/AF_ClaSeq/results/supple_cases/GB98/run1/03_recompile/2lhd_rmsd/prediction/bin_5/bin5_sequences_unrelaxed_rank_078_alphafold2_ptm_model_2_seed_008.pdb
1.5874331,8.972328,92.20785714285714,/fs/ess/PAA0203/xing244/AF_ClaSeq/results/supple_cases/GB98/run1/03_recompile/2lhd_rmsd/prediction/bin_5/bin5_sequences_unrelaxed_rank_028_alphafold2_ptm_model_2_seed_013.pdb
1.6223447,8.980001,91.14839285714285,/fs/ess/PAA0203/xing244/AF_ClaSeq/results/supple_cases/GB98/run1/03_recompile/2lhd_rmsd/prediction/bin_5/bin5_sequences_unrelaxed_rank_075_alphafold2_ptm_model_1_seed_010.pdb
1.5637952,8.982424,92.00982142857143,/fs/ess/PAA0203/xing244/AF_ClaSeq/results/supple_cases/GB98/run1/03_recompile/2lhd_rmsd/prediction/bin_5/bin5_sequences_unrelaxed_rank_003_alphafold2_ptm_model_3_seed_000.pdb
1.6486659,8.991922,92.25839285714287,/fs/ess/PAA0203/xing244/AF_ClaSeq/results/supple_cases/GB98/run1/03_recompile/2lhd_rmsd/prediction/bin_5/bin5_sequences_unrelaxed_rank_026_alphafold2_ptm_model_5_seed_012.pdb
1.6373123,8.990313,91.97732142857141,/fs/ess/PAA0203/xing244/AF_ClaSeq/results/supple_cases/GB98/run1/03_recompile/2lhd_rmsd/prediction/bin_5/bin5_sequences_unrelaxed_rank_046_alphafold2_ptm_model_5_seed_014.pdb
1.6538404,8.998636,93.04160714285715,/fs/ess/PAA0203/xing244/AF_ClaSeq/results/supple_cases/GB98/run1/03_recompile/2lhd_rmsd/prediction/bin_5/bin5_sequences_unrelaxed_rank_003_alphafold2_ptm_model_5_seed_004.pdb
1.5950034,8.971094,91.95285714285716,/fs/ess/PAA0203/xing244/AF_ClaSeq/results/supple_cases/GB98/run1/03_recompile/2lhd_rmsd/prediction/bin_5/bin5_sequences_unrelaxed_rank_053_alphafold2_ptm_model_2_seed_000.pdb
1.621282,8.983657,92.22767857142857,/fs/ess/PAA0203/xing244/AF_ClaSeq/results/supple_cases/GB98/run1/03_recompile/2lhd_rmsd/prediction/bin_5/bin5_sequences_unrelaxed_rank_024_alphafold2_ptm_model_1_seed_015.pdb
1.6155427,9.008309,92.49285714285715,/fs/ess/PAA0203/xing244/AF_ClaSeq/results/supple_cases/GB98/run1/03_recompile/2lhd_rmsd/prediction/bin_5/bin5_sequences_unrelaxed_rank_015_alphafold2_ptm_model_4_seed_009.pdb
1.5946361,8.96888,92.18946428571428,/fs/ess/PAA0203/xing244/AF_ClaSeq/results/supple_cases/GB98/run1/03_recompile/2lhd_rmsd/prediction/bin_5/bin5_sequences_unrelaxed_rank_031_alphafold2_ptm_model_2_seed_009.pdb
1.6267115,8.939776,91.4675,/fs/ess/PAA0203/xing244/AF_ClaSeq/results/supple_cases/GB98/run1/03_recompile/2lhd_rmsd/prediction/bin_5/bin5_sequences_unrelaxed_rank_071_alphafold2_ptm_model_2_seed_006.pdb
1.6343714,8.989794,91.21785714285714,/fs/ess/PAA0203/xing244/AF_ClaSeq/results/supple_cases/GB98/run1/03_recompile/2lhd_rmsd/prediction/bin_5/bin5_sequences_unrelaxed_rank_074_alphafold2_ptm_model_1_seed_005.pdb
1.602131,8.963308,91.56892857142857,/fs/ess/PAA0203/xing244/AF_ClaSeq/results/supple_cases/GB98/run1/03_recompile/2lhd_rmsd/prediction/bin_5/bin5_sequences_unrelaxed_rank_063_alphafold2_ptm_model_2_seed_007.pdb
1.6176087,8.992395,91.80339285714285,/fs/ess/PAA0203/xing244/AF_ClaSeq/results/supple_cases/GB98/run1/03_recompile/2lhd_rmsd/prediction/bin_5/bin5_sequences_unrelaxed_rank_005_alphafold2_ptm_model_1_seed_000.pdb
1.6206537,8.979707,91.60946428571427,/fs/ess/PAA0203/xing244/AF_ClaSeq/results/supple_cases/GB98/run1/03_recompile/2lhd_rmsd/prediction/bin_5/bin5_sequences_unrelaxed_rank_058_alphafold2_ptm_model_1_seed_011.pdb
1.5768217,8.968922,91.41446428571429,/fs/ess/PAA0203/xing244/AF_ClaSeq/results/supple_cases/GB98/run1/03_recompile/2lhd_rmsd/prediction/bin_5/bin5_sequences_unrelaxed_rank_070_alphafold2_ptm_model_3_seed_009.pdb
1.6503484,8.996943,92.65071428571427,/fs/ess/PAA0203/xing244/AF_ClaSeq/results/supple_cases/GB98/run1/03_recompile/2lhd_rmsd/prediction/bin_5/bin5_sequences_unrelaxed_rank_011_alphafold2_ptm_model_5_seed_009.pdb
1.5694487,8.979097,92.06375,/fs/ess/PAA0203/xing244/AF_ClaSeq/results/supple_cases/GB98/run1/03_recompile/2lhd_rmsd/prediction/bin_5/bin5_sequences_unrelaxed_rank_040_alphafold2_ptm_model_3_seed_008.pdb
1.5784428,8.980784,92.0975,/fs/ess/PAA0203/xing244/AF_ClaSeq/results/supple_cases/GB98/run1/03_recompile/2lhd_rmsd/prediction/bin_5/bin5_sequences_unrelaxed_rank_037_alphafold2_ptm_model_3_seed_004.pdb
1.5877556,8.975661,91.20392857142858,/fs/ess/PAA0203/xing244/AF_ClaSeq/results/supple_cases/GB98/run1/03_recompile/2lhd_rmsd/prediction/bin_5/bin5_sequences_unrelaxed_rank_073_alphafold2_ptm_model_3_seed_002.pdb
1.6278325,8.991527,91.63232142857143,/fs/ess/PAA0203/xing244/AF_ClaSeq/results/supple_cases/GB98/run1/03_recompile/2lhd_rmsd/prediction/bin_5/bin5_sequences_unrelaxed_rank_059_alphafold2_ptm_model_1_seed_004.pdb
1.6263218,8.9922,91.4157142857143,/fs/ess/PAA0203/xing244/AF_ClaSeq/results/supple_cases/GB98/run1/03_recompile/2lhd_rmsd/prediction/bin_5/bin5_sequences_unrelaxed_rank_069_alphafold2_ptm_model_1_seed_007.pdb
1.6374369,8.994011,92.41892857142857,/fs/ess/PAA0203/xing244/AF_ClaSeq/results/supple_cases/GB98/run1/03_recompile/2lhd_rmsd/prediction/bin_5/bin5_sequences_unrelaxed_rank_016_alphafold2_ptm_model_5_seed_010.pdb
1.6090571,8.985301,91.99875,/fs/ess/PAA0203/xing244/AF_ClaSeq/results/supple_cases/GB98/run1/03_recompile/2lhd_rmsd/prediction/bin_5/bin5_sequences_unrelaxed_rank_048_alphafold2_ptm_model_1_seed_013.pdb
1.628126,8.987288,92.10589285714286,/fs/ess/PAA0203/xing244/AF_ClaSeq/results/supple_cases/GB98/run1/03_recompile/2lhd_rmsd/prediction/bin_5/bin5_sequences_unrelaxed_rank_032_alphafold2_ptm_model_1_seed_009.pdb
1.6039565,9.015994,92.38982142857142,/fs/ess/PAA0203/xing244/AF_ClaSeq/results/supple_cases/GB98/run1/03_recompile/2lhd_rmsd/prediction/bin_5/bin5_sequences_unrelaxed_rank_019_alphafold2_ptm_model_4_seed_013.pdb
1.5935636,8.981008,92.25017857142858,/fs/ess/PAA0203/xing244/AF_ClaSeq/results/supple_cases/GB98/run1/03_recompile/2lhd_rmsd/prediction/bin_5/bin5_sequences_unrelaxed_rank_027_alphafold2_ptm_model_2_seed_005.pdb
1.656327,8.991154,92.75964285714284,/fs/ess/PAA0203/xing244/AF_ClaSeq/results/supple_cases/GB98/run1/03_recompile/2lhd_rmsd/prediction/bin_5/bin5_sequences_unrelaxed_rank_009_alphafold2_ptm_model_5_seed_006.pdb
1.5721633,8.976296,91.32142857142857,/fs/ess/PAA0203/xing244/AF_ClaSeq/results/supple_cases/GB98/run1/03_recompile/2lhd_rmsd/prediction/bin_5/bin5_sequences_unrelaxed_rank_072_alphafold2_ptm_model_3_seed_001.pdb
1.6058922,8.998102,92.01142857142858,/fs/ess/PAA0203/xing244/AF_ClaSeq/results/supple_cases/GB98/run1/03_recompile/2lhd_rmsd/prediction/bin_5/bin5_sequences_unrelaxed_rank_043_alphafold2_ptm_model_4_seed_014.pdb
1.629968,8.978743,91.50607142857143,/fs/ess/PAA0203/xing244/AF_ClaSeq/results/supple_cases/GB98/run1/03_recompile/2lhd_rmsd/prediction/bin_5/bin5_sequences_unrelaxed_rank_067_alphafold2_ptm_model_1_seed_014.pdb
1.6308078,8.987223,91.85249999999999,/fs/ess/PAA0203/xing244/AF_ClaSeq/results/supple_cases/GB98/run1/03_recompile/2lhd_rmsd/prediction/bin_5/bin5_sequences_unrelaxed_rank_055_alphafold2_ptm_model_1_seed_012.pdb
1.5694249,8.972349,92.26839285714286,/fs/ess/PAA0203/xing244/AF_ClaSeq/results/supple_cases/GB98/run1/03_recompile/2lhd_rmsd/prediction/bin_5/bin5_sequences_unrelaxed_rank_025_alphafold2_ptm_model_3_seed_015.pdb
1.6104903,9.010202,92.29678571428572,/fs/ess/PAA0203/xing244/AF_ClaSeq/results/supple_cases/GB98/run1/03_recompile/2lhd_rmsd/prediction/bin_5/bin5_sequences_unrelaxed_rank_022_alphafold2_ptm_model_4_seed_001.pdb
1.6410003,8.995496,92.29732142857142,/fs/ess/PAA0203/xing244/AF_ClaSeq/results/supple_cases/GB98/run1/03_recompile/2lhd_rmsd/prediction/bin_5/bin5_sequences_unrelaxed_rank_021_alphafold2_ptm_model_5_seed_001.pdb
1.6055574,8.964795,92.00196428571428,/fs/ess/PAA0203/xing244/AF_ClaSeq/results/supple_cases/GB98/run1/03_recompile/2lhd_rmsd/prediction/bin_5/bin5_sequences_unrelaxed_rank_045_alphafold2_ptm_model_2_seed_001.pdb
1.6329737,8.982492,90.90553571428572,/fs/ess/PAA0203/xing244/AF_ClaSeq/results/supple_cases/GB98/run1/03_recompile/2lhd_rmsd/prediction/bin_5/bin5_sequences_unrelaxed_rank_077_alphafold2_ptm_model_1_seed_008.pdb
1.603094,9.01108,92.32482142857144,/fs/ess/PAA0203/xing244/AF_ClaSeq/results/supple_cases/GB98/run1/03_recompile/2lhd_rmsd/prediction/bin_5/bin5_sequences_unrelaxed_rank_020_alphafold2_ptm_model_4_seed_000.pdb
1.6176087,8.992395,91.80339285714285,/fs/ess/PAA0203/xing244/AF_ClaSeq/results/supple_cases/GB98/run1/03_recompile/2lhd_rmsd/prediction/bin_5/bin5_sequences_unrelaxed_rank_056_alphafold2_ptm_model_1_seed_000.pdb
1.6456088,8.998417,92.6557142857143,/fs/ess/PAA0203/xing244/AF_ClaSeq/results/supple_cases/GB98/run1/03_recompile/2lhd_rmsd/prediction/bin_5/bin5_sequences_unrelaxed_rank_010_alphafold2_ptm_model_5_seed_015.pdb
1.6359465,9.002669,92.53464285714287,/fs/ess/PAA0203/xing244/AF_ClaSeq/results/supple_cases/GB98/run1/03_recompile/2lhd_rmsd/prediction/bin_5/bin5_sequences_unrelaxed_rank_013_alphafold2_ptm_model_5_seed_000.pdb
1.5648168,8.97502,91.5632142857143,/fs/ess/PAA0203/xing244/AF_ClaSeq/results/supple_cases/GB98/run1/03_recompile/2lhd_rmsd/prediction/bin_5/bin5_sequences_unrelaxed_rank_061_alphafold2_ptm_model_3_seed_003.pdb
1.6081682,8.964879,92.1067857142857,/fs/ess/PAA0203/xing244/AF_ClaSeq/results/supple_cases/GB98/run1/03_recompile/2lhd_rmsd/prediction/bin_5/bin5_sequences_unrelaxed_rank_034_alphafold2_ptm_model_2_seed_012.pdb
1.5742307,8.975068,91.03767857142857,/fs/ess/PAA0203/xing244/AF_ClaSeq/results/supple_cases/GB98/run1/03_recompile/2lhd_rmsd/prediction/bin_5/bin5_sequences_unrelaxed_rank_076_alphafold2_ptm_model_3_seed_010.pdb
1.6456305,8.996127,92.85857142857142,/fs/ess/PAA0203/xing244/AF_ClaSeq/results/supple_cases/GB98/run1/03_recompile/2lhd_rmsd/prediction/bin_5/bin5_sequences_unrelaxed_rank_007_alphafold2_ptm_model_5_seed_002.pdb
1.605982,8.952228,91.46875,/fs/ess/PAA0203/xing244/AF_ClaSeq/results/supple_cases/GB98/run1/03_recompile/2lhd_rmsd/prediction/bin_5/bin5_sequences_unrelaxed_rank_068_alphafold2_ptm_model_2_seed_014.pdb
1.6200389,8.99907,92.55,/fs/ess/PAA0203/xing244/AF_ClaSeq/results/supple_cases/GB98/run1/03_recompile/2lhd_rmsd/prediction/bin_5/bin5_sequences_unrelaxed_rank_014_alphafold2_ptm_model_4_seed_004.pdb
1.5950034,8.971094,91.95285714285716,/fs/ess/PAA0203/xing244/AF_ClaSeq/results/supple_cases/GB98/run1/03_recompile/2lhd_rmsd/prediction/bin_5/bin5_sequences_unrelaxed_rank_004_alphafold2_ptm_model_2_seed_000.pdb
1.6235042,8.974206,90.16392857142857,/fs/ess/PAA0203/xing244/AF_ClaSeq/results/supple_cases/GB98/run1/03_recompile/2lhd_rmsd/prediction/bin_5/bin5_sequences_unrelaxed_rank_079_alphafold2_ptm_model_1_seed_002.pdb
1.6059117,9.0015335,91.99874999999999,/fs/ess/PAA0203/xing244/AF_ClaSeq/results/supple_cases/GB98/run1/03_recompile/2lhd_rmsd/prediction/bin_5/bin5_sequences_unrelaxed_rank_050_alphafold2_ptm_model_4_seed_010.pdb
1.6299095,8.983149,91.91339285714285,/fs/ess/PAA0203/xing244/AF_ClaSeq/results/supple_cases/GB98/run1/03_recompile/2lhd_rmsd/prediction/bin_5/bin5_sequences_unrelaxed_rank_052_alphafold2_ptm_model_1_seed_006.pdb
1.5995919,9.009014,92.15017857142857,/fs/ess/PAA0203/xing244/AF_ClaSeq/results/supple_cases/GB98/run1/03_recompile/2lhd_rmsd/prediction/bin_5/bin5_sequences_unrelaxed_rank_036_alphafold2_ptm_model_4_seed_011.pdb
1.5830508,8.964761,89.28535714285714,/fs/ess/PAA0203/xing244/AF_ClaSeq/results/supple_cases/GB98/run1/03_recompile/2lhd_rmsd/prediction/bin_5/bin5_sequences_unrelaxed_rank_080_alphafold2_ptm_model_2_seed_002.pdb
1.5861185,8.979431,91.47678571428571,/fs/ess/PAA0203/xing244/AF_ClaSeq/results/supple_cases/GB98/run1/03_recompile/2lhd_rmsd/prediction/bin_5/bin5_sequences_unrelaxed_rank_066_alphafold2_ptm_model_3_seed_007.pdb
1.5834911,8.977678,92.37107142857144,/fs/ess/PAA0203/xing244/AF_ClaSeq/results/supple_cases/GB98/run1/03_recompile/2lhd_rmsd/prediction/bin_5/bin5_sequences_unrelaxed_rank_018_alphafold2_ptm_model_2_seed_003.pdb
1.5689825,8.969939,92.15607142857142,/fs/ess/PAA0203/xing244/AF_ClaSeq/results/supple_cases/GB98/run1/03_recompile/2lhd_rmsd/prediction/bin_5/bin5_sequences_unrelaxed_rank_030_alphafold2_ptm_model_3_seed_013.pdb
1.6123074,9.011126,92.765,/fs/ess/PAA0203/xing244/AF_ClaSeq/results/supple_cases/GB98/run1/03_recompile/2lhd_rmsd/prediction/bin_5/bin5_sequences_unrelaxed_rank_008_alphafold2_ptm_model_4_seed_005.pdb
1.6331182,8.993364,91.57535714285714,/fs/ess/PAA0203/xing244/AF_ClaSeq/results/supple_cases/GB98/run1/03_recompile/2lhd_rmsd/prediction/bin_5/bin5_sequences_unrelaxed_rank_060_alphafold2_ptm_model_1_seed_003.pdb
1.6067811,9.006015,92.06607142857145,/fs/ess/PAA0203/xing244/AF_ClaSeq/results/supple_cases/GB98/run1/03_recompile/2lhd_rmsd/prediction/bin_5/bin5_sequences_unrelaxed_rank_041_alphafold2_ptm_model_4_seed_015.pdb
1.5644671,8.968947,91.49160714285713,/fs/ess/PAA0203/xing244/AF_ClaSeq/results/supple_cases/GB98/run1/03_recompile/2lhd_rmsd/prediction/bin_5/bin5_sequences_unrelaxed_rank_064_alphafold2_ptm_model_3_seed_014.pdb
1.6409931,9.003135,93.34267857142858,/fs/ess/PAA0203/xing244/AF_ClaSeq/results/supple_cases/GB98/run1/03_recompile/2lhd_rmsd/prediction/bin_5/bin5_sequences_unrelaxed_rank_001_alphafold2_ptm_model_5_seed_008.pdb
1.5897567,8.974939,92.21321428571427,/fs/ess/PAA0203/xing244/AF_ClaSeq/results/supple_cases/GB98/run1/03_recompile/2lhd_rmsd/prediction/bin_5/bin5_sequences_unrelaxed_rank_029_alphafold2_ptm_model_3_seed_006.pdb
1.6353902,8.992316,92.58642857142857,/fs/ess/PAA0203/xing244/AF_ClaSeq/results/supple_cases/GB98/run1/03_recompile/2lhd_rmsd/prediction/bin_5/bin5_sequences_unrelaxed_rank_012_alphafold2_ptm_model_5_seed_011.pdb
1.6359465,9.002669,92.53464285714287,/fs/ess/PAA0203/xing244/AF_ClaSeq/results/supple_cases/GB98/run1/03_recompile/2lhd_rmsd/prediction/bin_5/bin5_sequences_unrelaxed_rank_001_alphafold2_ptm_model_5_seed_000.pdb
1.577965,8.9803095,92.07910714285715,/fs/ess/PAA0203/xing244/AF_ClaSeq/results/supple_cases/GB98/run1/03_recompile/2lhd_rmsd/prediction/bin_5/bin5_sequences_unrelaxed_rank_038_alphafold2_ptm_model_2_seed_015.pdb
1.5929499,8.973574,92.0182142857143,/fs/ess/PAA0203/xing244/AF_ClaSeq/results/supple_cases/GB98/run1/03_recompile/2lhd_rmsd/prediction/bin_5/bin5_sequences_unrelaxed_rank_044_alphafold2_ptm_model_2_seed_004.pdb
1.603094,9.01108,92.32482142857144,/fs/ess/PAA0203/xing244/AF_ClaSeq/results/supple_cases/GB98/run1/03_recompile/2lhd_rmsd/prediction/bin_5/bin5_sequences_unrelaxed_rank_002_alphafold2_ptm_model_4_seed_000.pdb
1.5825549,8.97916,91.58946428571429,/fs/ess/PAA0203/xing244/AF_ClaSeq/results/supple_cases/GB98/run1/03_recompile/2lhd_rmsd/prediction/bin_5/bin5_sequences_unrelaxed_rank_062_alphafold2_ptm_model_3_seed_012.pdb
1.6394873,8.996531,93.15857142857143,/fs/ess/PAA0203/xing244/AF_ClaSeq/results/supple_cases/GB98/run1/03_recompile/2lhd_rmsd/prediction/bin_5/bin5_sequences_unrelaxed_rank_002_alphafold2_ptm_model_5_seed_013.pdb
1.5931318,8.968779,92.03160714285715,/fs/ess/PAA0203/xing244/AF_ClaSeq/results/supple_cases/GB98/run1/03_recompile/2lhd_rmsd/prediction/bin_5/bin5_sequences_unrelaxed_rank_039_alphafold2_ptm_model_2_seed_010.pdb
