RMSD,Case,PDB_file
1.9124610028014715,2LHC_3a,../2LHC_3a/default/2LHC_3a_unrelaxed_rank_054_alphafold2_ptm_model_1_seed_005.pdb
1.2911552078334114,2LHC_3a,../2LHC_3a/default/2LHC_3a_unrelaxed_rank_011_alphafold2_ptm_model_3_seed_009.pdb
1.4556466784732112,2LHC_3a,../2LHC_3a/default/2LHC_3a_unrelaxed_rank_036_alphafold2_ptm_model_2_seed_004.pdb
2.492016776772797,2LHC_3a,../2LHC_3a/default/2LHC_3a_unrelaxed_rank_069_alphafold2_ptm_model_5_seed_005.pdb
2.116896210114057,2LHC_3a,../2LHC_3a/default/2LHC_3a_unrelaxed_rank_043_alphafold2_ptm_model_3_seed_000.pdb
2.1267028396301226,2LHC_3a,../2LHC_3a/default/2LHC_3a_unrelaxed_rank_014_alphafold2_ptm_model_3_seed_012.pdb
1.3306432375920172,2LHC_3a,../2LHC_3a/default/2LHC_3a_unrelaxed_rank_008_alphafold2_ptm_model_3_seed_010.pdb
2.1648504275173335,2LHC_3a,../2LHC_3a/default/2LHC_3a_unrelaxed_rank_037_alphafold2_ptm_model_3_seed_013.pdb
2.319196193179089,2LHC_3a,../2LHC_3a/default/2LHC_3a_unrelaxed_rank_067_alphafold2_ptm_model_5_seed_003.pdb
2.840985229867321,2LHC_3a,../2LHC_3a/default/2LHC_3a_unrelaxed_rank_075_alphafold2_ptm_model_5_seed_002.pdb
2.154976898964216,2LHC_3a,../2LHC_3a/default/2LHC_3a_unrelaxed_rank_032_alphafold2_ptm_model_4_seed_007.pdb
1.2957539884438365,2LHC_3a,../2LHC_3a/default/2LHC_3a_unrelaxed_rank_010_alphafold2_ptm_model_3_seed_006.pdb
2.1283568186625126,2LHC_3a,../2LHC_3a/default/2LHC_3a_unrelaxed_rank_066_alphafold2_ptm_model_1_seed_015.pdb
3.9546710381807437,2LHC_3a,../2LHC_3a/default/2LHC_3a_unrelaxed_rank_078_alphafold2_ptm_model_5_seed_007.pdb
1.3153469950473156,2LHC_3a,../2LHC_3a/default/2LHC_3a_unrelaxed_rank_050_alphafold2_ptm_model_1_seed_006.pdb
1.9777257421757892,2LHC_3a,../2LHC_3a/default/2LHC_3a_unrelaxed_rank_051_alphafold2_ptm_model_4_seed_005.pdb
4.495122802785257,2LHC_3a,../2LHC_3a/default/2LHC_3a_unrelaxed_rank_062_alphafold2_ptm_model_5_seed_011.pdb
2.081715668031299,2LHC_3a,../2LHC_3a/default/2LHC_3a_unrelaxed_rank_012_alphafold2_ptm_model_3_seed_002.pdb
1.4024685065193776,2LHC_3a,../2LHC_3a/default/2LHC_3a_unrelaxed_rank_027_alphafold2_ptm_model_2_seed_009.pdb
2.1607899978749763,2LHC_3a,../2LHC_3a/default/2LHC_3a_unrelaxed_rank_019_alphafold2_ptm_model_4_seed_014.pdb
4.484177902959276,2LHC_3a,../2LHC_3a/default/2LHC_3a_unrelaxed_rank_070_alphafold2_ptm_model_5_seed_012.pdb
2.734888552996333,2LHC_3a,../2LHC_3a/default/2LHC_3a_unrelaxed_rank_072_alphafold2_ptm_model_5_seed_009.pdb
2.105098975894731,2LHC_3a,../2LHC_3a/default/2LHC_3a_unrelaxed_rank_064_alphafold2_ptm_model_1_seed_004.pdb
1.4956940275776969,2LHC_3a,../2LHC_3a/default/2LHC_3a_unrelaxed_rank_001_alphafold2_ptm_model_2_seed_008.pdb
2.0780484589864283,2LHC_3a,../2LHC_3a/default/2LHC_3a_unrelaxed_rank_055_alphafold2_ptm_model_1_seed_000.pdb
2.1489898122917666,2LHC_3a,../2LHC_3a/default/2LHC_3a_unrelaxed_rank_023_alphafold2_ptm_model_4_seed_009.pdb
2.105476370893183,2LHC_3a,../2LHC_3a/default/2LHC_3a_unrelaxed_rank_045_alphafold2_ptm_model_2_seed_011.pdb
2.12988778139051,2LHC_3a,../2LHC_3a/default/2LHC_3a_unrelaxed_rank_033_alphafold2_ptm_model_4_seed_015.pdb
3.660196822905933,2LHC_3a,../2LHC_3a/default/2LHC_3a_unrelaxed_rank_074_alphafold2_ptm_model_5_seed_000.pdb
2.5777365097274174,2LHC_3a,../2LHC_3a/default/2LHC_3a_unrelaxed_rank_071_alphafold2_ptm_model_5_seed_006.pdb
1.3906101863399243,2LHC_3a,../2LHC_3a/default/2LHC_3a_unrelaxed_rank_029_alphafold2_ptm_model_2_seed_002.pdb
3.2873651858803172,2LHC_3a,../2LHC_3a/default/2LHC_3a_unrelaxed_rank_077_alphafold2_ptm_model_5_seed_013.pdb
2.1637642260993712,2LHC_3a,../2LHC_3a/default/2LHC_3a_unrelaxed_rank_017_alphafold2_ptm_model_4_seed_001.pdb
1.4417738505889577,2LHC_3a,../2LHC_3a/default/2LHC_3a_unrelaxed_rank_004_alphafold2_ptm_model_2_seed_005.pdb
1.4363519573116181,2LHC_3a,../2LHC_3a/default/2LHC_3a_unrelaxed_rank_057_alphafold2_ptm_model_1_seed_001.pdb
1.4539136445111727,2LHC_3a,../2LHC_3a/default/2LHC_3a_unrelaxed_rank_003_alphafold2_ptm_model_2_seed_007.pdb
1.2870072330785014,2LHC_3a,../2LHC_3a/default/2LHC_3a_unrelaxed_rank_015_alphafold2_ptm_model_3_seed_003.pdb
1.3902019261226604,2LHC_3a,../2LHC_3a/default/2LHC_3a_unrelaxed_rank_020_alphafold2_ptm_model_2_seed_003.pdb
2.1595152803935407,2LHC_3a,../2LHC_3a/default/2LHC_3a_unrelaxed_rank_018_alphafold2_ptm_model_4_seed_012.pdb
2.1589362897533366,2LHC_3a,../2LHC_3a/default/2LHC_3a_unrelaxed_rank_025_alphafold2_ptm_model_4_seed_004.pdb
1.359793973540373,2LHC_3a,../2LHC_3a/default/2LHC_3a_unrelaxed_rank_022_alphafold2_ptm_model_2_seed_015.pdb
1.4143449171744245,2LHC_3a,../2LHC_3a/default/2LHC_3a_unrelaxed_rank_047_alphafold2_ptm_model_4_seed_010.pdb
2.0059463025400888,2LHC_3a,../2LHC_3a/default/2LHC_3a_unrelaxed_rank_048_alphafold2_ptm_model_3_seed_011.pdb
2.1354519847677587,2LHC_3a,../2LHC_3a/default/2LHC_3a_unrelaxed_rank_042_alphafold2_ptm_model_3_seed_005.pdb
2.19250736560539,2LHC_3a,../2LHC_3a/default/2LHC_3a_unrelaxed_rank_034_alphafold2_ptm_model_5_seed_008.pdb
1.2944519700107069,2LHC_3a,../2LHC_3a/default/2LHC_3a_unrelaxed_rank_013_alphafold2_ptm_model_3_seed_014.pdb
2.1048425857877695,2LHC_3a,../2LHC_3a/default/2LHC_3a_unrelaxed_rank_063_alphafold2_ptm_model_1_seed_002.pdb
2.134722214061255,2LHC_3a,../2LHC_3a/default/2LHC_3a_unrelaxed_rank_038_alphafold2_ptm_model_2_seed_012.pdb
2.1224620400448617,2LHC_3a,../2LHC_3a/default/2LHC_3a_unrelaxed_rank_021_alphafold2_ptm_model_4_seed_006.pdb
1.344264748829637,2LHC_3a,../2LHC_3a/default/2LHC_3a_unrelaxed_rank_044_alphafold2_ptm_model_1_seed_003.pdb
2.1799714162149373,2LHC_3a,../2LHC_3a/default/2LHC_3a_unrelaxed_rank_065_alphafold2_ptm_model_1_seed_013.pdb
2.1519644561063616,2LHC_3a,../2LHC_3a/default/2LHC_3a_unrelaxed_rank_053_alphafold2_ptm_model_1_seed_014.pdb
2.1584308192268593,2LHC_3a,../2LHC_3a/default/2LHC_3a_unrelaxed_rank_024_alphafold2_ptm_model_4_seed_011.pdb
2.0713178686108766,2LHC_3a,../2LHC_3a/default/2LHC_3a_unrelaxed_rank_049_alphafold2_ptm_model_3_seed_004.pdb
2.163060606666805,2LHC_3a,../2LHC_3a/default/2LHC_3a_unrelaxed_rank_030_alphafold2_ptm_model_4_seed_002.pdb
1.2565993181405948,2LHC_3a,../2LHC_3a/default/2LHC_3a_unrelaxed_rank_005_alphafold2_ptm_model_3_seed_007.pdb
1.4376320712811776,2LHC_3a,../2LHC_3a/default/2LHC_3a_unrelaxed_rank_035_alphafold2_ptm_model_2_seed_006.pdb
1.394739687483929,2LHC_3a,../2LHC_3a/default/2LHC_3a_unrelaxed_rank_006_alphafold2_ptm_model_2_seed_014.pdb
2.141102255798945,2LHC_3a,../2LHC_3a/default/2LHC_3a_unrelaxed_rank_041_alphafold2_ptm_model_3_seed_001.pdb
1.3324513060995864,2LHC_3a,../2LHC_3a/default/2LHC_3a_unrelaxed_rank_031_alphafold2_ptm_model_1_seed_008.pdb
9.557204535681363,2LHC_3a,../2LHC_3a/default/2LHC_3a_unrelaxed_rank_080_alphafold2_ptm_model_5_seed_004.pdb
1.2956815374082302,2LHC_3a,../2LHC_3a/default/2LHC_3a_unrelaxed_rank_061_alphafold2_ptm_model_1_seed_009.pdb
1.346479197300071,2LHC_3a,../2LHC_3a/default/2LHC_3a_unrelaxed_rank_009_alphafold2_ptm_model_3_seed_008.pdb
2.138577111734009,2LHC_3a,../2LHC_3a/default/2LHC_3a_unrelaxed_rank_028_alphafold2_ptm_model_2_seed_013.pdb
2.3301673957373055,2LHC_3a,../2LHC_3a/default/2LHC_3a_unrelaxed_rank_068_alphafold2_ptm_model_5_seed_010.pdb
2.0612419165275866,2LHC_3a,../2LHC_3a/default/2LHC_3a_unrelaxed_rank_039_alphafold2_ptm_model_2_seed_000.pdb
1.4577574674221985,2LHC_3a,../2LHC_3a/default/2LHC_3a_unrelaxed_rank_002_alphafold2_ptm_model_2_seed_010.pdb
1.9696603886963857,2LHC_3a,../2LHC_3a/default/2LHC_3a_unrelaxed_rank_040_alphafold2_ptm_model_2_seed_001.pdb
2.8757166166745733,2LHC_3a,../2LHC_3a/default/2LHC_3a_unrelaxed_rank_073_alphafold2_ptm_model_5_seed_015.pdb
2.134056802413452,2LHC_3a,../2LHC_3a/default/2LHC_3a_unrelaxed_rank_060_alphafold2_ptm_model_1_seed_011.pdb
2.1419020354955265,2LHC_3a,../2LHC_3a/default/2LHC_3a_unrelaxed_rank_026_alphafold2_ptm_model_4_seed_013.pdb
1.3734788354180771,2LHC_3a,../2LHC_3a/default/2LHC_3a_unrelaxed_rank_046_alphafold2_ptm_model_4_seed_003.pdb
1.2769717647599257,2LHC_3a,../2LHC_3a/default/2LHC_3a_unrelaxed_rank_058_alphafold2_ptm_model_1_seed_010.pdb
2.158428192752657,2LHC_3a,../2LHC_3a/default/2LHC_3a_unrelaxed_rank_059_alphafold2_ptm_model_1_seed_012.pdb
1.5069377533442858,2LHC_3a,../2LHC_3a/default/2LHC_3a_unrelaxed_rank_007_alphafold2_ptm_model_4_seed_008.pdb
2.152583780760976,2LHC_3a,../2LHC_3a/default/2LHC_3a_unrelaxed_rank_016_alphafold2_ptm_model_4_seed_000.pdb
1.7747555651191345,2LHC_3a,../2LHC_3a/default/2LHC_3a_unrelaxed_rank_052_alphafold2_ptm_model_3_seed_015.pdb
4.09016272132513,2LHC_3a,../2LHC_3a/default/2LHC_3a_unrelaxed_rank_076_alphafold2_ptm_model_5_seed_001.pdb
3.6320878137767125,2LHC_3a,../2LHC_3a/default/2LHC_3a_unrelaxed_rank_079_alphafold2_ptm_model_5_seed_014.pdb
1.266240210573604,2LHC_3a,../2LHC_3a/default/2LHC_3a_unrelaxed_rank_056_alphafold2_ptm_model_1_seed_007.pdb
9.293311231414954,2LHD_a4b,../2LHD_a4b/default/2LHD_a4b_unrelaxed_rank_056_alphafold2_ptm_model_1_seed_004.pdb
9.278916577850634,2LHD_a4b,../2LHD_a4b/default/2LHD_a4b_unrelaxed_rank_046_alphafold2_ptm_model_1_seed_006.pdb
12.382219940342628,2LHD_a4b,../2LHD_a4b/default/2LHD_a4b_unrelaxed_rank_032_alphafold2_ptm_model_4_seed_001.pdb
8.972732172593004,2LHD_a4b,../2LHD_a4b/default/2LHD_a4b_unrelaxed_rank_054_alphafold2_ptm_model_3_seed_015.pdb
9.206615841824354,2LHD_a4b,../2LHD_a4b/default/2LHD_a4b_unrelaxed_rank_039_alphafold2_ptm_model_1_seed_009.pdb
9.355368492394351,2LHD_a4b,../2LHD_a4b/default/2LHD_a4b_unrelaxed_rank_060_alphafold2_ptm_model_2_seed_015.pdb
9.25962391292165,2LHD_a4b,../2LHD_a4b/default/2LHD_a4b_unrelaxed_rank_038_alphafold2_ptm_model_1_seed_011.pdb
9.364458117398422,2LHD_a4b,../2LHD_a4b/default/2LHD_a4b_unrelaxed_rank_047_alphafold2_ptm_model_1_seed_014.pdb
1.5905449161372196,2LHD_a4b,../2LHD_a4b/default/2LHD_a4b_unrelaxed_rank_010_alphafold2_ptm_model_5_seed_014.pdb
9.356229565539504,2LHD_a4b,../2LHD_a4b/default/2LHD_a4b_unrelaxed_rank_042_alphafold2_ptm_model_1_seed_008.pdb
9.337442255446541,2LHD_a4b,../2LHD_a4b/default/2LHD_a4b_unrelaxed_rank_058_alphafold2_ptm_model_2_seed_000.pdb
9.276329623843372,2LHD_a4b,../2LHD_a4b/default/2LHD_a4b_unrelaxed_rank_045_alphafold2_ptm_model_1_seed_005.pdb
1.5784181434897366,2LHD_a4b,../2LHD_a4b/default/2LHD_a4b_unrelaxed_rank_007_alphafold2_ptm_model_5_seed_005.pdb
8.94002607172213,2LHD_a4b,../2LHD_a4b/default/2LHD_a4b_unrelaxed_rank_070_alphafold2_ptm_model_3_seed_005.pdb
1.5716450622391673,2LHD_a4b,../2LHD_a4b/default/2LHD_a4b_unrelaxed_rank_009_alphafold2_ptm_model_4_seed_014.pdb
9.364170705699284,2LHD_a4b,../2LHD_a4b/default/2LHD_a4b_unrelaxed_rank_076_alphafold2_ptm_model_2_seed_004.pdb
8.866129695365107,2LHD_a4b,../2LHD_a4b/default/2LHD_a4b_unrelaxed_rank_059_alphafold2_ptm_model_3_seed_009.pdb
9.358411999401941,2LHD_a4b,../2LHD_a4b/default/2LHD_a4b_unrelaxed_rank_035_alphafold2_ptm_model_1_seed_007.pdb
9.29365146968588,2LHD_a4b,../2LHD_a4b/default/2LHD_a4b_unrelaxed_rank_071_alphafold2_ptm_model_2_seed_001.pdb
1.5880776316647707,2LHD_a4b,../2LHD_a4b/default/2LHD_a4b_unrelaxed_rank_008_alphafold2_ptm_model_5_seed_007.pdb
1.6135895671540685,2LHD_a4b,../2LHD_a4b/default/2LHD_a4b_unrelaxed_rank_023_alphafold2_ptm_model_4_seed_007.pdb
2.1446689487304815,2LHD_a4b,../2LHD_a4b/default/2LHD_a4b_unrelaxed_rank_029_alphafold2_ptm_model_3_seed_000.pdb
8.952839746678729,2LHD_a4b,../2LHD_a4b/default/2LHD_a4b_unrelaxed_rank_072_alphafold2_ptm_model_3_seed_012.pdb
9.248230170256802,2LHD_a4b,../2LHD_a4b/default/2LHD_a4b_unrelaxed_rank_078_alphafold2_ptm_model_2_seed_011.pdb
9.33600858786045,2LHD_a4b,../2LHD_a4b/default/2LHD_a4b_unrelaxed_rank_049_alphafold2_ptm_model_2_seed_013.pdb
1.5879261975168955,2LHD_a4b,../2LHD_a4b/default/2LHD_a4b_unrelaxed_rank_004_alphafold2_ptm_model_5_seed_000.pdb
1.5801895966915647,2LHD_a4b,../2LHD_a4b/default/2LHD_a4b_unrelaxed_rank_006_alphafold2_ptm_model_5_seed_003.pdb
1.635949647873481,2LHD_a4b,../2LHD_a4b/default/2LHD_a4b_unrelaxed_rank_020_alphafold2_ptm_model_4_seed_010.pdb
9.393824589454157,2LHD_a4b,../2LHD_a4b/default/2LHD_a4b_unrelaxed_rank_051_alphafold2_ptm_model_2_seed_006.pdb
1.7242545932668782,2LHD_a4b,../2LHD_a4b/default/2LHD_a4b_unrelaxed_rank_022_alphafold2_ptm_model_3_seed_001.pdb
1.5711129289544967,2LHD_a4b,../2LHD_a4b/default/2LHD_a4b_unrelaxed_rank_012_alphafold2_ptm_model_5_seed_006.pdb
1.5816274177554643,2LHD_a4b,../2LHD_a4b/default/2LHD_a4b_unrelaxed_rank_011_alphafold2_ptm_model_5_seed_013.pdb
1.5610294843713914,2LHD_a4b,../2LHD_a4b/default/2LHD_a4b_unrelaxed_rank_013_alphafold2_ptm_model_5_seed_001.pdb
2.7252805082046065,2LHD_a4b,../2LHD_a4b/default/2LHD_a4b_unrelaxed_rank_030_alphafold2_ptm_model_4_seed_006.pdb
9.259227795480907,2LHD_a4b,../2LHD_a4b/default/2LHD_a4b_unrelaxed_rank_067_alphafold2_ptm_model_2_seed_010.pdb
9.205870740002558,2LHD_a4b,../2LHD_a4b/default/2LHD_a4b_unrelaxed_rank_062_alphafold2_ptm_model_2_seed_012.pdb
1.6297837400079873,2LHD_a4b,../2LHD_a4b/default/2LHD_a4b_unrelaxed_rank_019_alphafold2_ptm_model_4_seed_015.pdb
1.5740346614956562,2LHD_a4b,../2LHD_a4b/default/2LHD_a4b_unrelaxed_rank_015_alphafold2_ptm_model_4_seed_012.pdb
9.192221103936912,2LHD_a4b,../2LHD_a4b/default/2LHD_a4b_unrelaxed_rank_061_alphafold2_ptm_model_4_seed_003.pdb
9.290260710832786,2LHD_a4b,../2LHD_a4b/default/2LHD_a4b_unrelaxed_rank_050_alphafold2_ptm_model_1_seed_012.pdb
2.1069209765576913,2LHD_a4b,../2LHD_a4b/default/2LHD_a4b_unrelaxed_rank_034_alphafold2_ptm_model_4_seed_011.pdb
9.262441047139468,2LHD_a4b,../2LHD_a4b/default/2LHD_a4b_unrelaxed_rank_055_alphafold2_ptm_model_4_seed_009.pdb
1.6357694409890293,2LHD_a4b,../2LHD_a4b/default/2LHD_a4b_unrelaxed_rank_018_alphafold2_ptm_model_5_seed_008.pdb
9.279624916367426,2LHD_a4b,../2LHD_a4b/default/2LHD_a4b_unrelaxed_rank_066_alphafold2_ptm_model_2_seed_007.pdb
2.4185012750096493,2LHD_a4b,../2LHD_a4b/default/2LHD_a4b_unrelaxed_rank_031_alphafold2_ptm_model_4_seed_008.pdb
1.7710482613854188,2LHD_a4b,../2LHD_a4b/default/2LHD_a4b_unrelaxed_rank_028_alphafold2_ptm_model_5_seed_004.pdb
9.149422134556392,2LHD_a4b,../2LHD_a4b/default/2LHD_a4b_unrelaxed_rank_043_alphafold2_ptm_model_1_seed_001.pdb
9.037688985612094,2LHD_a4b,../2LHD_a4b/default/2LHD_a4b_unrelaxed_rank_053_alphafold2_ptm_model_3_seed_003.pdb
2.501983257226478,2LHD_a4b,../2LHD_a4b/default/2LHD_a4b_unrelaxed_rank_037_alphafold2_ptm_model_3_seed_014.pdb
1.6238184747621855,2LHD_a4b,../2LHD_a4b/default/2LHD_a4b_unrelaxed_rank_017_alphafold2_ptm_model_5_seed_011.pdb
1.5783827889702975,2LHD_a4b,../2LHD_a4b/default/2LHD_a4b_unrelaxed_rank_002_alphafold2_ptm_model_5_seed_002.pdb
9.294913427381204,2LHD_a4b,../2LHD_a4b/default/2LHD_a4b_unrelaxed_rank_036_alphafold2_ptm_model_1_seed_003.pdb
1.5897950056045471,2LHD_a4b,../2LHD_a4b/default/2LHD_a4b_unrelaxed_rank_003_alphafold2_ptm_model_5_seed_009.pdb
8.934782884642472,2LHD_a4b,../2LHD_a4b/default/2LHD_a4b_unrelaxed_rank_075_alphafold2_ptm_model_3_seed_006.pdb
9.282855902929192,2LHD_a4b,../2LHD_a4b/default/2LHD_a4b_unrelaxed_rank_040_alphafold2_ptm_model_1_seed_000.pdb
9.361474731716806,2LHD_a4b,../2LHD_a4b/default/2LHD_a4b_unrelaxed_rank_068_alphafold2_ptm_model_2_seed_002.pdb
9.26738010178719,2LHD_a4b,../2LHD_a4b/default/2LHD_a4b_unrelaxed_rank_044_alphafold2_ptm_model_1_seed_013.pdb
9.366206247975422,2LHD_a4b,../2LHD_a4b/default/2LHD_a4b_unrelaxed_rank_073_alphafold2_ptm_model_2_seed_003.pdb
2.057394608163648,2LHD_a4b,../2LHD_a4b/default/2LHD_a4b_unrelaxed_rank_027_alphafold2_ptm_model_3_seed_002.pdb
1.5895242930099125,2LHD_a4b,../2LHD_a4b/default/2LHD_a4b_unrelaxed_rank_016_alphafold2_ptm_model_5_seed_010.pdb
9.303791738476573,2LHD_a4b,../2LHD_a4b/default/2LHD_a4b_unrelaxed_rank_052_alphafold2_ptm_model_1_seed_010.pdb
1.6493601124252177,2LHD_a4b,../2LHD_a4b/default/2LHD_a4b_unrelaxed_rank_024_alphafold2_ptm_model_4_seed_004.pdb
8.994186906761286,2LHD_a4b,../2LHD_a4b/default/2LHD_a4b_unrelaxed_rank_064_alphafold2_ptm_model_3_seed_013.pdb
9.349701253204717,2LHD_a4b,../2LHD_a4b/default/2LHD_a4b_unrelaxed_rank_069_alphafold2_ptm_model_2_seed_005.pdb
8.992557446525673,2LHD_a4b,../2LHD_a4b/default/2LHD_a4b_unrelaxed_rank_077_alphafold2_ptm_model_3_seed_008.pdb
9.344948623647419,2LHD_a4b,../2LHD_a4b/default/2LHD_a4b_unrelaxed_rank_041_alphafold2_ptm_model_1_seed_015.pdb
9.366115113461221,2LHD_a4b,../2LHD_a4b/default/2LHD_a4b_unrelaxed_rank_063_alphafold2_ptm_model_2_seed_014.pdb
8.938530915525517,2LHD_a4b,../2LHD_a4b/default/2LHD_a4b_unrelaxed_rank_080_alphafold2_ptm_model_3_seed_004.pdb
9.417654196619976,2LHD_a4b,../2LHD_a4b/default/2LHD_a4b_unrelaxed_rank_065_alphafold2_ptm_model_2_seed_008.pdb
1.6803161089272804,2LHD_a4b,../2LHD_a4b/default/2LHD_a4b_unrelaxed_rank_021_alphafold2_ptm_model_3_seed_011.pdb
1.5774037289266711,2LHD_a4b,../2LHD_a4b/default/2LHD_a4b_unrelaxed_rank_001_alphafold2_ptm_model_5_seed_012.pdb
8.837472935416047,2LHD_a4b,../2LHD_a4b/default/2LHD_a4b_unrelaxed_rank_079_alphafold2_ptm_model_3_seed_010.pdb
9.356717873978408,2LHD_a4b,../2LHD_a4b/default/2LHD_a4b_unrelaxed_rank_057_alphafold2_ptm_model_2_seed_009.pdb
8.98361587467815,2LHD_a4b,../2LHD_a4b/default/2LHD_a4b_unrelaxed_rank_074_alphafold2_ptm_model_4_seed_005.pdb
1.833686710349261,2LHD_a4b,../2LHD_a4b/default/2LHD_a4b_unrelaxed_rank_025_alphafold2_ptm_model_3_seed_007.pdb
1.7209099049377083,2LHD_a4b,../2LHD_a4b/default/2LHD_a4b_unrelaxed_rank_026_alphafold2_ptm_model_4_seed_000.pdb
1.5884015385880823,2LHD_a4b,../2LHD_a4b/default/2LHD_a4b_unrelaxed_rank_014_alphafold2_ptm_model_5_seed_015.pdb
9.334052965505133,2LHD_a4b,../2LHD_a4b/default/2LHD_a4b_unrelaxed_rank_048_alphafold2_ptm_model_1_seed_002.pdb
1.5973113596934327,2LHD_a4b,../2LHD_a4b/default/2LHD_a4b_unrelaxed_rank_005_alphafold2_ptm_model_4_seed_002.pdb
2.3685935288533773,2LHD_a4b,../2LHD_a4b/default/2LHD_a4b_unrelaxed_rank_033_alphafold2_ptm_model_4_seed_013.pdb
1.11900850350705,2LHE_a4b,../2LHE_a4b/default/2LHE_a4b_unrelaxed_rank_023_alphafold2_ptm_model_4_seed_013.pdb
1.0699858722187918,2LHE_a4b,../2LHE_a4b/default/2LHE_a4b_unrelaxed_rank_022_alphafold2_ptm_model_5_seed_007.pdb
1.1112694361292503,2LHE_a4b,../2LHE_a4b/default/2LHE_a4b_unrelaxed_rank_036_alphafold2_ptm_model_3_seed_012.pdb
9.194367498140148,2LHE_a4b,../2LHE_a4b/default/2LHE_a4b_unrelaxed_rank_079_alphafold2_ptm_model_2_seed_000.pdb
1.1022298196489062,2LHE_a4b,../2LHE_a4b/default/2LHE_a4b_unrelaxed_rank_049_alphafold2_ptm_model_1_seed_008.pdb
1.0640306455154305,2LHE_a4b,../2LHE_a4b/default/2LHE_a4b_unrelaxed_rank_001_alphafold2_ptm_model_5_seed_013.pdb
1.1146166389030527,2LHE_a4b,../2LHE_a4b/default/2LHE_a4b_unrelaxed_rank_025_alphafold2_ptm_model_4_seed_009.pdb
1.1450144073045494,2LHE_a4b,../2LHE_a4b/default/2LHE_a4b_unrelaxed_rank_059_alphafold2_ptm_model_4_seed_014.pdb
1.075096340595684,2LHE_a4b,../2LHE_a4b/default/2LHE_a4b_unrelaxed_rank_009_alphafold2_ptm_model_5_seed_000.pdb
1.1550026473720767,2LHE_a4b,../2LHE_a4b/default/2LHE_a4b_unrelaxed_rank_057_alphafold2_ptm_model_3_seed_010.pdb
1.0751103452961557,2LHE_a4b,../2LHE_a4b/default/2LHE_a4b_unrelaxed_rank_003_alphafold2_ptm_model_5_seed_003.pdb
9.229386829676201,2LHE_a4b,../2LHE_a4b/default/2LHE_a4b_unrelaxed_rank_077_alphafold2_ptm_model_2_seed_006.pdb
9.26125709429518,2LHE_a4b,../2LHE_a4b/default/2LHE_a4b_unrelaxed_rank_064_alphafold2_ptm_model_1_seed_013.pdb
1.0947231596756712,2LHE_a4b,../2LHE_a4b/default/2LHE_a4b_unrelaxed_rank_041_alphafold2_ptm_model_1_seed_012.pdb
1.063943080077438,2LHE_a4b,../2LHE_a4b/default/2LHE_a4b_unrelaxed_rank_054_alphafold2_ptm_model_1_seed_000.pdb
1.0789584713715603,2LHE_a4b,../2LHE_a4b/default/2LHE_a4b_unrelaxed_rank_046_alphafold2_ptm_model_2_seed_008.pdb
1.1020639818303588,2LHE_a4b,../2LHE_a4b/default/2LHE_a4b_unrelaxed_rank_034_alphafold2_ptm_model_3_seed_006.pdb
1.0891907971650199,2LHE_a4b,../2LHE_a4b/default/2LHE_a4b_unrelaxed_rank_040_alphafold2_ptm_model_1_seed_010.pdb
1.0689536425177228,2LHE_a4b,../2LHE_a4b/default/2LHE_a4b_unrelaxed_rank_014_alphafold2_ptm_model_3_seed_000.pdb
1.0535476551303227,2LHE_a4b,../2LHE_a4b/default/2LHE_a4b_unrelaxed_rank_035_alphafold2_ptm_model_3_seed_011.pdb
9.2055265076815,2LHE_a4b,../2LHE_a4b/default/2LHE_a4b_unrelaxed_rank_069_alphafold2_ptm_model_1_seed_011.pdb
9.400835768199402,2LHE_a4b,../2LHE_a4b/default/2LHE_a4b_unrelaxed_rank_067_alphafold2_ptm_model_2_seed_010.pdb
1.0697557207407218,2LHE_a4b,../2LHE_a4b/default/2LHE_a4b_unrelaxed_rank_002_alphafold2_ptm_model_5_seed_001.pdb
9.312608813201313,2LHE_a4b,../2LHE_a4b/default/2LHE_a4b_unrelaxed_rank_068_alphafold2_ptm_model_2_seed_009.pdb
1.4630278272351867,2LHE_a4b,../2LHE_a4b/default/2LHE_a4b_unrelaxed_rank_061_alphafold2_ptm_model_3_seed_005.pdb
1.1562368949135944,2LHE_a4b,../2LHE_a4b/default/2LHE_a4b_unrelaxed_rank_044_alphafold2_ptm_model_4_seed_001.pdb
1.0716057674807367,2LHE_a4b,../2LHE_a4b/default/2LHE_a4b_unrelaxed_rank_024_alphafold2_ptm_model_5_seed_009.pdb
1.0840898406654111,2LHE_a4b,../2LHE_a4b/default/2LHE_a4b_unrelaxed_rank_012_alphafold2_ptm_model_5_seed_010.pdb
1.0875964580605024,2LHE_a4b,../2LHE_a4b/default/2LHE_a4b_unrelaxed_rank_028_alphafold2_ptm_model_3_seed_001.pdb
1.1577048154375706,2LHE_a4b,../2LHE_a4b/default/2LHE_a4b_unrelaxed_rank_060_alphafold2_ptm_model_4_seed_007.pdb
1.1200374994298037,2LHE_a4b,../2LHE_a4b/default/2LHE_a4b_unrelaxed_rank_017_alphafold2_ptm_model_4_seed_002.pdb
1.0977607739584463,2LHE_a4b,../2LHE_a4b/default/2LHE_a4b_unrelaxed_rank_056_alphafold2_ptm_model_2_seed_002.pdb
1.0643167164193312,2LHE_a4b,../2LHE_a4b/default/2LHE_a4b_unrelaxed_rank_007_alphafold2_ptm_model_5_seed_004.pdb
1.1258453131485504,2LHE_a4b,../2LHE_a4b/default/2LHE_a4b_unrelaxed_rank_047_alphafold2_ptm_model_4_seed_012.pdb
1.1244192922461553,2LHE_a4b,../2LHE_a4b/default/2LHE_a4b_unrelaxed_rank_051_alphafold2_ptm_model_3_seed_008.pdb
1.075745637294925,2LHE_a4b,../2LHE_a4b/default/2LHE_a4b_unrelaxed_rank_050_alphafold2_ptm_model_2_seed_003.pdb
1.0837891606866976,2LHE_a4b,../2LHE_a4b/default/2LHE_a4b_unrelaxed_rank_038_alphafold2_ptm_model_1_seed_004.pdb
9.320839077848294,2LHE_a4b,../2LHE_a4b/default/2LHE_a4b_unrelaxed_rank_066_alphafold2_ptm_model_2_seed_001.pdb
9.295385522600576,2LHE_a4b,../2LHE_a4b/default/2LHE_a4b_unrelaxed_rank_074_alphafold2_ptm_model_2_seed_014.pdb
9.355122310839361,2LHE_a4b,../2LHE_a4b/default/2LHE_a4b_unrelaxed_rank_063_alphafold2_ptm_model_2_seed_013.pdb
1.0625382455755148,2LHE_a4b,../2LHE_a4b/default/2LHE_a4b_unrelaxed_rank_033_alphafold2_ptm_model_3_seed_004.pdb
1.1116090354150596,2LHE_a4b,../2LHE_a4b/default/2LHE_a4b_unrelaxed_rank_029_alphafold2_ptm_model_4_seed_008.pdb
1.0795425400600973,2LHE_a4b,../2LHE_a4b/default/2LHE_a4b_unrelaxed_rank_010_alphafold2_ptm_model_3_seed_003.pdb
1.092870847388701,2LHE_a4b,../2LHE_a4b/default/2LHE_a4b_unrelaxed_rank_042_alphafold2_ptm_model_1_seed_003.pdb
1.1112056029537454,2LHE_a4b,../2LHE_a4b/default/2LHE_a4b_unrelaxed_rank_018_alphafold2_ptm_model_4_seed_003.pdb
1.0829954535760087,2LHE_a4b,../2LHE_a4b/default/2LHE_a4b_unrelaxed_rank_005_alphafold2_ptm_model_5_seed_015.pdb
1.1016545527522565,2LHE_a4b,../2LHE_a4b/default/2LHE_a4b_unrelaxed_rank_052_alphafold2_ptm_model_1_seed_007.pdb
1.0711648332152175,2LHE_a4b,../2LHE_a4b/default/2LHE_a4b_unrelaxed_rank_016_alphafold2_ptm_model_3_seed_002.pdb
9.142303921342624,2LHE_a4b,../2LHE_a4b/default/2LHE_a4b_unrelaxed_rank_078_alphafold2_ptm_model_2_seed_015.pdb
9.096104003332954,2LHE_a4b,../2LHE_a4b/default/2LHE_a4b_unrelaxed_rank_070_alphafold2_ptm_model_1_seed_005.pdb
9.218982357912338,2LHE_a4b,../2LHE_a4b/default/2LHE_a4b_unrelaxed_rank_076_alphafold2_ptm_model_2_seed_004.pdb
1.1238167341926373,2LHE_a4b,../2LHE_a4b/default/2LHE_a4b_unrelaxed_rank_020_alphafold2_ptm_model_4_seed_011.pdb
1.1162932165075823,2LHE_a4b,../2LHE_a4b/default/2LHE_a4b_unrelaxed_rank_019_alphafold2_ptm_model_4_seed_015.pdb
1.0924264917018989,2LHE_a4b,../2LHE_a4b/default/2LHE_a4b_unrelaxed_rank_045_alphafold2_ptm_model_1_seed_009.pdb
9.362441769765049,2LHE_a4b,../2LHE_a4b/default/2LHE_a4b_unrelaxed_rank_062_alphafold2_ptm_model_2_seed_005.pdb
1.0798436632659658,2LHE_a4b,../2LHE_a4b/default/2LHE_a4b_unrelaxed_rank_032_alphafold2_ptm_model_1_seed_001.pdb
1.0880408618980557,2LHE_a4b,../2LHE_a4b/default/2LHE_a4b_unrelaxed_rank_013_alphafold2_ptm_model_1_seed_002.pdb
1.0709408342629592,2LHE_a4b,../2LHE_a4b/default/2LHE_a4b_unrelaxed_rank_026_alphafold2_ptm_model_3_seed_014.pdb
9.31482710604302,2LHE_a4b,../2LHE_a4b/default/2LHE_a4b_unrelaxed_rank_071_alphafold2_ptm_model_2_seed_011.pdb
1.0790530816052115,2LHE_a4b,../2LHE_a4b/default/2LHE_a4b_unrelaxed_rank_021_alphafold2_ptm_model_5_seed_006.pdb
1.1440072357159228,2LHE_a4b,../2LHE_a4b/default/2LHE_a4b_unrelaxed_rank_058_alphafold2_ptm_model_4_seed_004.pdb
1.1144456764672566,2LHE_a4b,../2LHE_a4b/default/2LHE_a4b_unrelaxed_rank_039_alphafold2_ptm_model_3_seed_007.pdb
1.085500388708574,2LHE_a4b,../2LHE_a4b/default/2LHE_a4b_unrelaxed_rank_037_alphafold2_ptm_model_5_seed_012.pdb
9.141302222089157,2LHE_a4b,../2LHE_a4b/default/2LHE_a4b_unrelaxed_rank_075_alphafold2_ptm_model_1_seed_014.pdb
1.1023684579104798,2LHE_a4b,../2LHE_a4b/default/2LHE_a4b_unrelaxed_rank_031_alphafold2_ptm_model_4_seed_000.pdb
1.091503115583261,2LHE_a4b,../2LHE_a4b/default/2LHE_a4b_unrelaxed_rank_048_alphafold2_ptm_model_3_seed_009.pdb
1.0901759494012877,2LHE_a4b,../2LHE_a4b/default/2LHE_a4b_unrelaxed_rank_043_alphafold2_ptm_model_5_seed_011.pdb
1.1571698643382886,2LHE_a4b,../2LHE_a4b/default/2LHE_a4b_unrelaxed_rank_055_alphafold2_ptm_model_3_seed_015.pdb
1.100008986182796,2LHE_a4b,../2LHE_a4b/default/2LHE_a4b_unrelaxed_rank_011_alphafold2_ptm_model_4_seed_010.pdb
1.0768890230268242,2LHE_a4b,../2LHE_a4b/default/2LHE_a4b_unrelaxed_rank_030_alphafold2_ptm_model_3_seed_013.pdb
9.283236521465001,2LHE_a4b,../2LHE_a4b/default/2LHE_a4b_unrelaxed_rank_080_alphafold2_ptm_model_2_seed_012.pdb
1.118389122059725,2LHE_a4b,../2LHE_a4b/default/2LHE_a4b_unrelaxed_rank_006_alphafold2_ptm_model_4_seed_006.pdb
1.0642492650682625,2LHE_a4b,../2LHE_a4b/default/2LHE_a4b_unrelaxed_rank_027_alphafold2_ptm_model_5_seed_014.pdb
9.191104931539025,2LHE_a4b,../2LHE_a4b/default/2LHE_a4b_unrelaxed_rank_073_alphafold2_ptm_model_2_seed_007.pdb
9.165458033911458,2LHE_a4b,../2LHE_a4b/default/2LHE_a4b_unrelaxed_rank_072_alphafold2_ptm_model_1_seed_006.pdb
9.239774854629884,2LHE_a4b,../2LHE_a4b/default/2LHE_a4b_unrelaxed_rank_065_alphafold2_ptm_model_1_seed_015.pdb
1.0720295136170357,2LHE_a4b,../2LHE_a4b/default/2LHE_a4b_unrelaxed_rank_004_alphafold2_ptm_model_5_seed_002.pdb
1.0658390958104271,2LHE_a4b,../2LHE_a4b/default/2LHE_a4b_unrelaxed_rank_015_alphafold2_ptm_model_5_seed_005.pdb
1.113194167726809,2LHE_a4b,../2LHE_a4b/default/2LHE_a4b_unrelaxed_rank_008_alphafold2_ptm_model_4_seed_005.pdb
1.1032192273513393,2LHE_a4b,../2LHE_a4b/default/2LHE_a4b_unrelaxed_rank_053_alphafold2_ptm_model_5_seed_008.pdb
9.821891772893686,2LHG_3a,../2LHG_3a/default/2LHG_3a_unrelaxed_rank_050_alphafold2_ptm_model_3_seed_002.pdb
10.318259008380554,2LHG_3a,../2LHG_3a/default/2LHG_3a_unrelaxed_rank_061_alphafold2_ptm_model_2_seed_006.pdb
10.413407946333423,2LHG_3a,../2LHG_3a/default/2LHG_3a_unrelaxed_rank_066_alphafold2_ptm_model_2_seed_005.pdb
9.398448407994216,2LHG_3a,../2LHG_3a/default/2LHG_3a_unrelaxed_rank_017_alphafold2_ptm_model_5_seed_014.pdb
9.442256287407108,2LHG_3a,../2LHG_3a/default/2LHG_3a_unrelaxed_rank_019_alphafold2_ptm_model_4_seed_013.pdb
1.8789755709505025,2LHG_3a,../2LHG_3a/default/2LHG_3a_unrelaxed_rank_023_alphafold2_ptm_model_3_seed_003.pdb
9.88046614089802,2LHG_3a,../2LHG_3a/default/2LHG_3a_unrelaxed_rank_071_alphafold2_ptm_model_3_seed_009.pdb
10.047044645655253,2LHG_3a,../2LHG_3a/default/2LHG_3a_unrelaxed_rank_042_alphafold2_ptm_model_1_seed_009.pdb
1.9212908913995714,2LHG_3a,../2LHG_3a/default/2LHG_3a_unrelaxed_rank_022_alphafold2_ptm_model_4_seed_012.pdb
9.931215158553016,2LHG_3a,../2LHG_3a/default/2LHG_3a_unrelaxed_rank_056_alphafold2_ptm_model_3_seed_013.pdb
10.13652911651838,2LHG_3a,../2LHG_3a/default/2LHG_3a_unrelaxed_rank_064_alphafold2_ptm_model_2_seed_001.pdb
9.397169379424327,2LHG_3a,../2LHG_3a/default/2LHG_3a_unrelaxed_rank_004_alphafold2_ptm_model_5_seed_007.pdb
10.165266900325246,2LHG_3a,../2LHG_3a/default/2LHG_3a_unrelaxed_rank_062_alphafold2_ptm_model_3_seed_014.pdb
10.443976618021598,2LHG_3a,../2LHG_3a/default/2LHG_3a_unrelaxed_rank_074_alphafold2_ptm_model_2_seed_013.pdb
9.999072562100137,2LHG_3a,../2LHG_3a/default/2LHG_3a_unrelaxed_rank_065_alphafold2_ptm_model_3_seed_001.pdb
9.493100552962384,2LHG_3a,../2LHG_3a/default/2LHG_3a_unrelaxed_rank_028_alphafold2_ptm_model_4_seed_014.pdb
10.195051970404032,2LHG_3a,../2LHG_3a/default/2LHG_3a_unrelaxed_rank_069_alphafold2_ptm_model_2_seed_007.pdb
10.226229497500896,2LHG_3a,../2LHG_3a/default/2LHG_3a_unrelaxed_rank_052_alphafold2_ptm_model_2_seed_003.pdb
9.546592993643728,2LHG_3a,../2LHG_3a/default/2LHG_3a_unrelaxed_rank_033_alphafold2_ptm_model_4_seed_002.pdb
9.381775999727155,2LHG_3a,../2LHG_3a/default/2LHG_3a_unrelaxed_rank_014_alphafold2_ptm_model_5_seed_013.pdb
10.031328657769032,2LHG_3a,../2LHG_3a/default/2LHG_3a_unrelaxed_rank_053_alphafold2_ptm_model_3_seed_010.pdb
10.427165621644264,2LHG_3a,../2LHG_3a/default/2LHG_3a_unrelaxed_rank_063_alphafold2_ptm_model_2_seed_008.pdb
9.975944731944004,2LHG_3a,../2LHG_3a/default/2LHG_3a_unrelaxed_rank_036_alphafold2_ptm_model_1_seed_005.pdb
10.207687271894919,2LHG_3a,../2LHG_3a/default/2LHG_3a_unrelaxed_rank_054_alphafold2_ptm_model_1_seed_014.pdb
9.816490725437456,2LHG_3a,../2LHG_3a/default/2LHG_3a_unrelaxed_rank_072_alphafold2_ptm_model_3_seed_006.pdb
9.393159935014934,2LHG_3a,../2LHG_3a/default/2LHG_3a_unrelaxed_rank_009_alphafold2_ptm_model_5_seed_008.pdb
9.404536070120283,2LHG_3a,../2LHG_3a/default/2LHG_3a_unrelaxed_rank_008_alphafold2_ptm_model_5_seed_000.pdb
10.29841200675886,2LHG_3a,../2LHG_3a/default/2LHG_3a_unrelaxed_rank_057_alphafold2_ptm_model_2_seed_011.pdb
9.40047451781027,2LHG_3a,../2LHG_3a/default/2LHG_3a_unrelaxed_rank_003_alphafold2_ptm_model_5_seed_004.pdb
9.692620457204097,2LHG_3a,../2LHG_3a/default/2LHG_3a_unrelaxed_rank_073_alphafold2_ptm_model_3_seed_012.pdb
10.018966860703257,2LHG_3a,../2LHG_3a/default/2LHG_3a_unrelaxed_rank_075_alphafold2_ptm_model_1_seed_015.pdb
9.973849538331006,2LHG_3a,../2LHG_3a/default/2LHG_3a_unrelaxed_rank_040_alphafold2_ptm_model_1_seed_010.pdb
9.907069837493895,2LHG_3a,../2LHG_3a/default/2LHG_3a_unrelaxed_rank_080_alphafold2_ptm_model_3_seed_015.pdb
9.400418330828819,2LHG_3a,../2LHG_3a/default/2LHG_3a_unrelaxed_rank_005_alphafold2_ptm_model_5_seed_001.pdb
10.34083672737804,2LHG_3a,../2LHG_3a/default/2LHG_3a_unrelaxed_rank_076_alphafold2_ptm_model_2_seed_009.pdb
10.210877756690637,2LHG_3a,../2LHG_3a/default/2LHG_3a_unrelaxed_rank_047_alphafold2_ptm_model_1_seed_011.pdb
1.8130865393824127,2LHG_3a,../2LHG_3a/default/2LHG_3a_unrelaxed_rank_024_alphafold2_ptm_model_4_seed_003.pdb
10.288320072854518,2LHG_3a,../2LHG_3a/default/2LHG_3a_unrelaxed_rank_058_alphafold2_ptm_model_2_seed_010.pdb
9.940562801348888,2LHG_3a,../2LHG_3a/default/2LHG_3a_unrelaxed_rank_049_alphafold2_ptm_model_1_seed_012.pdb
10.064775134057491,2LHG_3a,../2LHG_3a/default/2LHG_3a_unrelaxed_rank_070_alphafold2_ptm_model_1_seed_003.pdb
10.651375555450805,2LHG_3a,../2LHG_3a/default/2LHG_3a_unrelaxed_rank_079_alphafold2_ptm_model_2_seed_002.pdb
9.373269541872192,2LHG_3a,../2LHG_3a/default/2LHG_3a_unrelaxed_rank_001_alphafold2_ptm_model_3_seed_008.pdb
4.1508620465733435,2LHG_3a,../2LHG_3a/default/2LHG_3a_unrelaxed_rank_029_alphafold2_ptm_model_4_seed_007.pdb
9.393950987451174,2LHG_3a,../2LHG_3a/default/2LHG_3a_unrelaxed_rank_015_alphafold2_ptm_model_5_seed_005.pdb
10.387814667388826,2LHG_3a,../2LHG_3a/default/2LHG_3a_unrelaxed_rank_067_alphafold2_ptm_model_2_seed_015.pdb
10.038110943124225,2LHG_3a,../2LHG_3a/default/2LHG_3a_unrelaxed_rank_059_alphafold2_ptm_model_2_seed_012.pdb
8.699661282874324,2LHG_3a,../2LHG_3a/default/2LHG_3a_unrelaxed_rank_035_alphafold2_ptm_model_4_seed_011.pdb
9.986494757653427,2LHG_3a,../2LHG_3a/default/2LHG_3a_unrelaxed_rank_044_alphafold2_ptm_model_1_seed_001.pdb
10.017075492049104,2LHG_3a,../2LHG_3a/default/2LHG_3a_unrelaxed_rank_045_alphafold2_ptm_model_1_seed_004.pdb
10.096148352386987,2LHG_3a,../2LHG_3a/default/2LHG_3a_unrelaxed_rank_046_alphafold2_ptm_model_1_seed_006.pdb
9.978974890961492,2LHG_3a,../2LHG_3a/default/2LHG_3a_unrelaxed_rank_037_alphafold2_ptm_model_1_seed_002.pdb
8.513546370550221,2LHG_3a,../2LHG_3a/default/2LHG_3a_unrelaxed_rank_030_alphafold2_ptm_model_4_seed_015.pdb
10.012053056357873,2LHG_3a,../2LHG_3a/default/2LHG_3a_unrelaxed_rank_043_alphafold2_ptm_model_1_seed_007.pdb
9.410775233429485,2LHG_3a,../2LHG_3a/default/2LHG_3a_unrelaxed_rank_012_alphafold2_ptm_model_4_seed_001.pdb
10.084342303291592,2LHG_3a,../2LHG_3a/default/2LHG_3a_unrelaxed_rank_055_alphafold2_ptm_model_3_seed_000.pdb
9.389194643482497,2LHG_3a,../2LHG_3a/default/2LHG_3a_unrelaxed_rank_011_alphafold2_ptm_model_5_seed_012.pdb
10.25771657058579,2LHG_3a,../2LHG_3a/default/2LHG_3a_unrelaxed_rank_048_alphafold2_ptm_model_2_seed_000.pdb
9.96825342451702,2LHG_3a,../2LHG_3a/default/2LHG_3a_unrelaxed_rank_039_alphafold2_ptm_model_1_seed_013.pdb
9.386578875521863,2LHG_3a,../2LHG_3a/default/2LHG_3a_unrelaxed_rank_020_alphafold2_ptm_model_5_seed_010.pdb
9.659346815554683,2LHG_3a,../2LHG_3a/default/2LHG_3a_unrelaxed_rank_027_alphafold2_ptm_model_4_seed_000.pdb
9.400818043975924,2LHG_3a,../2LHG_3a/default/2LHG_3a_unrelaxed_rank_013_alphafold2_ptm_model_5_seed_006.pdb
9.419090272762284,2LHG_3a,../2LHG_3a/default/2LHG_3a_unrelaxed_rank_010_alphafold2_ptm_model_4_seed_004.pdb
1.8000795388512327,2LHG_3a,../2LHG_3a/default/2LHG_3a_unrelaxed_rank_026_alphafold2_ptm_model_4_seed_005.pdb
10.033621357691494,2LHG_3a,../2LHG_3a/default/2LHG_3a_unrelaxed_rank_038_alphafold2_ptm_model_1_seed_008.pdb
10.110992826920038,2LHG_3a,../2LHG_3a/default/2LHG_3a_unrelaxed_rank_060_alphafold2_ptm_model_3_seed_005.pdb
9.384304700809288,2LHG_3a,../2LHG_3a/default/2LHG_3a_unrelaxed_rank_016_alphafold2_ptm_model_4_seed_008.pdb
9.393024387425806,2LHG_3a,../2LHG_3a/default/2LHG_3a_unrelaxed_rank_021_alphafold2_ptm_model_5_seed_003.pdb
10.425728210199116,2LHG_3a,../2LHG_3a/default/2LHG_3a_unrelaxed_rank_078_alphafold2_ptm_model_2_seed_004.pdb
3.0775413004176757,2LHG_3a,../2LHG_3a/default/2LHG_3a_unrelaxed_rank_034_alphafold2_ptm_model_4_seed_009.pdb
9.75071338226074,2LHG_3a,../2LHG_3a/default/2LHG_3a_unrelaxed_rank_032_alphafold2_ptm_model_3_seed_004.pdb
10.484322465047484,2LHG_3a,../2LHG_3a/default/2LHG_3a_unrelaxed_rank_077_alphafold2_ptm_model_2_seed_014.pdb
9.38961291563007,2LHG_3a,../2LHG_3a/default/2LHG_3a_unrelaxed_rank_018_alphafold2_ptm_model_5_seed_011.pdb
9.439908997471283,2LHG_3a,../2LHG_3a/default/2LHG_3a_unrelaxed_rank_025_alphafold2_ptm_model_4_seed_010.pdb
10.076041477772726,2LHG_3a,../2LHG_3a/default/2LHG_3a_unrelaxed_rank_068_alphafold2_ptm_model_3_seed_011.pdb
9.865454268248978,2LHG_3a,../2LHG_3a/default/2LHG_3a_unrelaxed_rank_051_alphafold2_ptm_model_3_seed_007.pdb
2.746557305347751,2LHG_3a,../2LHG_3a/default/2LHG_3a_unrelaxed_rank_031_alphafold2_ptm_model_4_seed_006.pdb
10.09841871396921,2LHG_3a,../2LHG_3a/default/2LHG_3a_unrelaxed_rank_041_alphafold2_ptm_model_1_seed_000.pdb
9.395984173103749,2LHG_3a,../2LHG_3a/default/2LHG_3a_unrelaxed_rank_002_alphafold2_ptm_model_5_seed_015.pdb
9.395716394397292,2LHG_3a,../2LHG_3a/default/2LHG_3a_unrelaxed_rank_007_alphafold2_ptm_model_5_seed_002.pdb
9.395461308692557,2LHG_3a,../2LHG_3a/default/2LHG_3a_unrelaxed_rank_006_alphafold2_ptm_model_5_seed_009.pdb
