PDB,plddt,local_plddt,6xrg_rmsd,6xr6_rmsd,seq_count
af_cluster_compar/ABL1/pred/6xrg/ABL1_026_unrelaxed_rank_021_alphafold2_ptm_model_5_seed_003.pdb,77.97773381294965,45.882000000000005,5.393754538736389,16.218293863104154,15
af_cluster_compar/ABL1/pred/6xrg/ABL1_026_unrelaxed_rank_014_alphafold2_ptm_model_5_seed_002.pdb,79.11964028776978,49.6004,16.500063159344908,4.934205441886558,15
af_cluster_compar/ABL1/pred/6xrg/ABL1_026_unrelaxed_rank_039_alphafold2_ptm_model_1_seed_000.pdb,70.16931654676262,45.7064,4.804368936041842,15.220368039635167,15
af_cluster_compar/ABL1/pred/6xrg/ABL1_026_unrelaxed_rank_002_alphafold2_ptm_model_5_seed_005.pdb,81.73489208633094,60.71959999999999,5.201156392262442,16.013746858447536,15
af_cluster_compar/ABL1/pred/6xrg/ABL1_026_unrelaxed_rank_005_alphafold2_ptm_model_4_seed_001.pdb,81.22902877697848,57.654799999999994,5.57970136343228,15.30148119628771,15
af_cluster_compar/ABL1/pred/6xrg/ABL1_026_unrelaxed_rank_004_alphafold2_ptm_model_4_seed_006.pdb,81.19784172661875,54.30920000000001,5.108735392955397,16.63071895582645,15
af_cluster_compar/ABL1/pred/6xrg/ABL1_026_unrelaxed_rank_018_alphafold2_ptm_model_4_seed_007.pdb,78.43697841726622,53.56319999999999,5.701770923554869,15.234029864504933,15
af_cluster_compar/ABL1/pred/6xrg/ABL1_026_unrelaxed_rank_001_alphafold2_ptm_model_4_seed_005.pdb,81.97499999999994,62.340800000000016,5.0534928711066875,15.259914042045134,15
af_cluster_compar/ABL1/pred/6xrg/ABL1_026_unrelaxed_rank_008_alphafold2_ptm_model_5_seed_006.pdb,80.19607913669071,46.4512,5.200384753692483,16.306503490292172,15
af_cluster_compar/ABL1/pred/6xrg/ABL1_026_unrelaxed_rank_029_alphafold2_ptm_model_3_seed_007.pdb,76.50025179856117,41.497600000000006,15.503867916829648,8.386715960633197,15
af_cluster_compar/ABL1/pred/6xrg/ABL1_026_unrelaxed_rank_024_alphafold2_ptm_model_5_seed_004.pdb,77.50758992805753,46.76200000000001,4.348294163163546,15.834975063471767,15
af_cluster_compar/ABL1/pred/6xrg/ABL1_026_unrelaxed_rank_003_alphafold2_ptm_model_4_seed_002.pdb,81.37464028776975,55.8992,5.4095533244062555,16.37118122700954,15
af_cluster_compar/ABL1/pred/6xrg/ABL1_026_unrelaxed_rank_013_alphafold2_ptm_model_3_seed_002.pdb,79.08438848920865,43.94320000000002,7.045328167060155,14.792183391594248,15
af_cluster_compar/ABL1/pred/6xrg/ABL1_026_unrelaxed_rank_020_alphafold2_ptm_model_5_seed_001.pdb,78.01485611510795,51.384800000000006,17.056552907197705,4.190773519093057,15
af_cluster_compar/ABL1/pred/6xrg/ABL1_026_unrelaxed_rank_033_alphafold2_ptm_model_1_seed_003.pdb,75.66474820143891,46.893599999999985,5.807538084085094,14.907422604933304,15
af_cluster_compar/ABL1/pred/6xrg/ABL1_026_unrelaxed_rank_025_alphafold2_ptm_model_2_seed_002.pdb,77.15582733812951,47.8456,5.4082761535453,14.751421602568426,15
af_cluster_compar/ABL1/pred/6xrg/ABL1_026_unrelaxed_rank_015_alphafold2_ptm_model_3_seed_000.pdb,78.88762589928058,47.39479999999999,3.8364540056916656,16.254629637213593,15
af_cluster_compar/ABL1/pred/6xrg/ABL1_026_unrelaxed_rank_030_alphafold2_ptm_model_2_seed_006.pdb,75.9998561151079,46.15119999999999,6.572430465376849,14.196746816650528,15
af_cluster_compar/ABL1/pred/6xrg/ABL1_026_unrelaxed_rank_026_alphafold2_ptm_model_2_seed_004.pdb,77.08866906474819,51.453999999999986,5.2854075482743035,15.021582545811661,15
af_cluster_compar/ABL1/pred/6xrg/ABL1_026_unrelaxed_rank_028_alphafold2_ptm_model_1_seed_006.pdb,76.52881294964025,48.7612,5.654095736653489,14.7745328012819,15
af_cluster_compar/ABL1/pred/6xrg/ABL1_026_unrelaxed_rank_037_alphafold2_ptm_model_1_seed_002.pdb,74.36751798561149,43.31399999999999,9.09706015678527,13.388344201149588,15
af_cluster_compar/ABL1/pred/6xrg/ABL1_026_unrelaxed_rank_011_alphafold2_ptm_model_4_seed_000.pdb,79.43895683453239,54.71200000000001,5.140972631811061,15.651951953619708,15
af_cluster_compar/ABL1/pred/6xrg/ABL1_026_unrelaxed_rank_035_alphafold2_ptm_model_2_seed_007.pdb,75.20377697841717,45.6696,17.4374006622657,5.2987290482445415,15
af_cluster_compar/ABL1/pred/6xrg/ABL1_026_unrelaxed_rank_019_alphafold2_ptm_model_3_seed_001.pdb,78.43115107913668,43.998400000000004,16.114837417309094,5.58051185382985,15
af_cluster_compar/ABL1/pred/6xrg/ABL1_026_unrelaxed_rank_009_alphafold2_ptm_model_2_seed_000.pdb,79.73960431654672,51.47680000000002,4.3499003809999035,15.644961342375222,15
af_cluster_compar/ABL1/pred/6xrg/ABL1_026_unrelaxed_rank_032_alphafold2_ptm_model_2_seed_001.pdb,75.82456834532378,45.623200000000004,6.587178784886805,14.615203500134173,15
af_cluster_compar/ABL1/pred/6xrg/ABL1_026_unrelaxed_rank_012_alphafold2_ptm_model_3_seed_005.pdb,79.19694244604315,45.786,5.7724325066739,14.760082832209966,15
af_cluster_compar/ABL1/pred/6xrg/ABL1_026_unrelaxed_rank_027_alphafold2_ptm_model_1_seed_004.pdb,76.82071942446046,51.6108,5.027414921135997,15.104432158493609,15
af_cluster_compar/ABL1/pred/6xrg/ABL1_026_unrelaxed_rank_006_alphafold2_ptm_model_4_seed_004.pdb,81.11143884892084,59.36679999999999,5.082239508851498,15.189829024394218,15
af_cluster_compar/ABL1/pred/6xrg/ABL1_026_unrelaxed_rank_023_alphafold2_ptm_model_2_seed_003.pdb,77.6891726618705,49.82040000000001,5.080568773275518,15.126951876675362,15
af_cluster_compar/ABL1/pred/6xrg/ABL1_026_unrelaxed_rank_034_alphafold2_ptm_model_5_seed_000.pdb,75.57924460431653,41.4116,10.630222759370985,14.141604300799598,15
af_cluster_compar/ABL1/pred/6xrg/ABL1_026_unrelaxed_rank_010_alphafold2_ptm_model_3_seed_003.pdb,79.65751798561156,44.081199999999995,5.458012040949337,16.020443032582236,15
af_cluster_compar/ABL1/pred/6xrg/ABL1_026_unrelaxed_rank_031_alphafold2_ptm_model_1_seed_005.pdb,75.83942446043174,47.148799999999994,4.9647536562977175,15.1339459642197,15
af_cluster_compar/ABL1/pred/6xrg/ABL1_026_unrelaxed_rank_007_alphafold2_ptm_model_4_seed_003.pdb,80.43543165467634,56.935999999999986,5.160353592962133,16.06371390776423,15
af_cluster_compar/ABL1/pred/6xrg/ABL1_026_unrelaxed_rank_016_alphafold2_ptm_model_3_seed_006.pdb,78.82928057553957,43.69839999999999,13.746689363558618,11.13603728051495,15
af_cluster_compar/ABL1/pred/6xrg/ABL1_026_unrelaxed_rank_040_alphafold2_ptm_model_1_seed_007.pdb,65.36287769784171,40.5088,4.908454989958717,16.46231502321866,15
af_cluster_compar/ABL1/pred/6xrg/ABL1_026_unrelaxed_rank_022_alphafold2_ptm_model_2_seed_005.pdb,78.05111510791367,50.689199999999985,4.535382151468715,15.440500657816804,15
af_cluster_compar/ABL1/pred/6xrg/ABL1_026_unrelaxed_rank_036_alphafold2_ptm_model_1_seed_001.pdb,74.5588848920863,42.6608,6.095084744725644,16.906807436963707,15
af_cluster_compar/ABL1/pred/6xrg/ABL1_026_unrelaxed_rank_038_alphafold2_ptm_model_5_seed_007.pdb,72.97996402877689,42.1744,16.73302473246578,4.834947267380884,15
af_cluster_compar/ABL1/pred/6xrg/ABL1_026_unrelaxed_rank_017_alphafold2_ptm_model_3_seed_004.pdb,78.60658273381294,46.20679999999999,4.572011370655582,15.536590597894316,15
