PDB,plddt,1ake_rmsd,4ake_rmsd,seq_count
af_cluster_compar/KAD_ECOLI/pred/4ake/KAD_ECOLI_027_unrelaxed_rank_020_alphafold2_ptm_model_2_seed_003.pdb,82.97205607476637,6.301654406627394,2.0420864326880475,9
af_cluster_compar/KAD_ECOLI/pred/4ake/KAD_ECOLI_027_unrelaxed_rank_011_alphafold2_ptm_model_5_seed_001.pdb,89.64429906542053,6.213893782837539,1.6728632270802826,9
af_cluster_compar/KAD_ECOLI/pred/4ake/KAD_ECOLI_027_unrelaxed_rank_014_alphafold2_ptm_model_5_seed_005.pdb,88.4918224299065,6.473931486666741,1.5241559032930485,9
af_cluster_compar/KAD_ECOLI/pred/4ake/KAD_ECOLI_027_unrelaxed_rank_002_alphafold2_ptm_model_2_seed_000.pdb,91.01528037383176,6.029685506397156,1.7079141461374516,9
af_cluster_compar/KAD_ECOLI/pred/4ake/KAD_ECOLI_027_unrelaxed_rank_032_alphafold2_ptm_model_3_seed_000.pdb,69.50191588785049,7.654458470257624,3.7639746045557034,9
af_cluster_compar/KAD_ECOLI/pred/4ake/KAD_ECOLI_027_unrelaxed_rank_013_alphafold2_ptm_model_4_seed_007.pdb,88.50677570093453,5.985646874486955,2.54040690685966,9
af_cluster_compar/KAD_ECOLI/pred/4ake/KAD_ECOLI_027_unrelaxed_rank_018_alphafold2_ptm_model_3_seed_004.pdb,83.56691588785047,7.163655999464,4.031893423383086,9
af_cluster_compar/KAD_ECOLI/pred/4ake/KAD_ECOLI_027_unrelaxed_rank_036_alphafold2_ptm_model_1_seed_007.pdb,62.77714953271025,8.235743541461833,3.382246413713481,9
af_cluster_compar/KAD_ECOLI/pred/4ake/KAD_ECOLI_027_unrelaxed_rank_004_alphafold2_ptm_model_4_seed_003.pdb,90.73098130841119,6.445802198219886,1.3209145070071584,9
af_cluster_compar/KAD_ECOLI/pred/4ake/KAD_ECOLI_027_unrelaxed_rank_030_alphafold2_ptm_model_5_seed_006.pdb,76.28238317757013,7.100296749554038,2.560046925533847,9
af_cluster_compar/KAD_ECOLI/pred/4ake/KAD_ECOLI_027_unrelaxed_rank_015_alphafold2_ptm_model_4_seed_006.pdb,88.34135514018695,6.384018925663337,2.5415741975760646,9
af_cluster_compar/KAD_ECOLI/pred/4ake/KAD_ECOLI_027_unrelaxed_rank_025_alphafold2_ptm_model_3_seed_003.pdb,78.57112149532708,7.948979231843576,6.012372797412156,9
af_cluster_compar/KAD_ECOLI/pred/4ake/KAD_ECOLI_027_unrelaxed_rank_005_alphafold2_ptm_model_4_seed_002.pdb,90.46864485981311,6.521323416616441,1.4695533430682333,9
af_cluster_compar/KAD_ECOLI/pred/4ake/KAD_ECOLI_027_unrelaxed_rank_027_alphafold2_ptm_model_3_seed_007.pdb,77.95920560747668,6.217657673038199,3.4352358537790746,9
af_cluster_compar/KAD_ECOLI/pred/4ake/KAD_ECOLI_027_unrelaxed_rank_029_alphafold2_ptm_model_3_seed_005.pdb,77.02383177570101,7.981938264731023,5.93725836685998,9
af_cluster_compar/KAD_ECOLI/pred/4ake/KAD_ECOLI_027_unrelaxed_rank_006_alphafold2_ptm_model_4_seed_005.pdb,90.51714953271025,6.545258595066405,1.3944134397848251,9
af_cluster_compar/KAD_ECOLI/pred/4ake/KAD_ECOLI_027_unrelaxed_rank_040_alphafold2_ptm_model_1_seed_004.pdb,57.222196261682214,14.696528884852372,12.078814146671764,9
af_cluster_compar/KAD_ECOLI/pred/4ake/KAD_ECOLI_027_unrelaxed_rank_035_alphafold2_ptm_model_1_seed_003.pdb,62.9821495327103,7.166902873084211,3.772866020812937,9
af_cluster_compar/KAD_ECOLI/pred/4ake/KAD_ECOLI_027_unrelaxed_rank_012_alphafold2_ptm_model_3_seed_002.pdb,89.0472429906542,6.291927144246166,1.7890185700152554,9
af_cluster_compar/KAD_ECOLI/pred/4ake/KAD_ECOLI_027_unrelaxed_rank_034_alphafold2_ptm_model_1_seed_005.pdb,64.38485981308409,12.970745086897306,10.56884029370539,9
af_cluster_compar/KAD_ECOLI/pred/4ake/KAD_ECOLI_027_unrelaxed_rank_033_alphafold2_ptm_model_1_seed_006.pdb,67.05009345794392,7.550962885777181,3.9243330326823713,9
af_cluster_compar/KAD_ECOLI/pred/4ake/KAD_ECOLI_027_unrelaxed_rank_028_alphafold2_ptm_model_5_seed_003.pdb,77.72943925233645,6.28565542719625,2.6845725952505597,9
af_cluster_compar/KAD_ECOLI/pred/4ake/KAD_ECOLI_027_unrelaxed_rank_022_alphafold2_ptm_model_4_seed_004.pdb,82.4766355140187,6.850360233189668,4.2236607376299835,9
af_cluster_compar/KAD_ECOLI/pred/4ake/KAD_ECOLI_027_unrelaxed_rank_017_alphafold2_ptm_model_5_seed_002.pdb,86.90299065420567,6.2316250847291625,1.836534444529735,9
af_cluster_compar/KAD_ECOLI/pred/4ake/KAD_ECOLI_027_unrelaxed_rank_024_alphafold2_ptm_model_5_seed_007.pdb,79.21000000000001,6.195733880082329,2.958394935826901,9
af_cluster_compar/KAD_ECOLI/pred/4ake/KAD_ECOLI_027_unrelaxed_rank_003_alphafold2_ptm_model_2_seed_001.pdb,90.9658411214953,6.310808360665351,1.332892598994923,9
af_cluster_compar/KAD_ECOLI/pred/4ake/KAD_ECOLI_027_unrelaxed_rank_038_alphafold2_ptm_model_1_seed_002.pdb,59.59233644859814,15.66274640381319,11.895157621000546,9
af_cluster_compar/KAD_ECOLI/pred/4ake/KAD_ECOLI_027_unrelaxed_rank_007_alphafold2_ptm_model_4_seed_001.pdb,90.48724299065422,6.203298977522664,1.7898354236154326,9
af_cluster_compar/KAD_ECOLI/pred/4ake/KAD_ECOLI_027_unrelaxed_rank_008_alphafold2_ptm_model_2_seed_007.pdb,90.41327102803743,6.626637151307766,1.1976014801537278,9
af_cluster_compar/KAD_ECOLI/pred/4ake/KAD_ECOLI_027_unrelaxed_rank_019_alphafold2_ptm_model_2_seed_002.pdb,83.47168224299062,6.283788628975792,2.0714696608873218,9
af_cluster_compar/KAD_ECOLI/pred/4ake/KAD_ECOLI_027_unrelaxed_rank_010_alphafold2_ptm_model_3_seed_006.pdb,90.08948598130837,6.490319344022258,1.6185031673446173,9
af_cluster_compar/KAD_ECOLI/pred/4ake/KAD_ECOLI_027_unrelaxed_rank_021_alphafold2_ptm_model_5_seed_000.pdb,82.6744859813084,6.224400338820759,2.216279098034742,9
af_cluster_compar/KAD_ECOLI/pred/4ake/KAD_ECOLI_027_unrelaxed_rank_001_alphafold2_ptm_model_3_seed_001.pdb,91.33588785046732,6.227226405045788,1.8015426539207033,9
af_cluster_compar/KAD_ECOLI/pred/4ake/KAD_ECOLI_027_unrelaxed_rank_037_alphafold2_ptm_model_1_seed_000.pdb,61.508971962616855,7.2214178676927325,4.280508562760249,9
af_cluster_compar/KAD_ECOLI/pred/4ake/KAD_ECOLI_027_unrelaxed_rank_009_alphafold2_ptm_model_2_seed_005.pdb,90.39098130841123,6.213520385415731,1.5273328863270863,9
af_cluster_compar/KAD_ECOLI/pred/4ake/KAD_ECOLI_027_unrelaxed_rank_023_alphafold2_ptm_model_5_seed_004.pdb,80.71528037383176,6.641848550674054,2.24733463868482,9
af_cluster_compar/KAD_ECOLI/pred/4ake/KAD_ECOLI_027_unrelaxed_rank_039_alphafold2_ptm_model_1_seed_001.pdb,58.77411214953272,12.331136939352552,8.677390482953907,9
af_cluster_compar/KAD_ECOLI/pred/4ake/KAD_ECOLI_027_unrelaxed_rank_026_alphafold2_ptm_model_2_seed_006.pdb,78.45686915887855,6.4280911755325425,2.1794714672028985,9
af_cluster_compar/KAD_ECOLI/pred/4ake/KAD_ECOLI_027_unrelaxed_rank_031_alphafold2_ptm_model_2_seed_004.pdb,70.93574766355138,6.646665545575539,5.112658393949031,9
af_cluster_compar/KAD_ECOLI/pred/4ake/KAD_ECOLI_027_unrelaxed_rank_016_alphafold2_ptm_model_4_seed_000.pdb,86.92397196261679,5.764869644646489,2.7454949233599115,9
