PDB,plddt,seq_count,6fhz_rmsd,6hfb_rmsd
/fs/ess/PAA0203/xing244/AF_ClaSeq/results_updated/pfmate/run3/divide_and_conquer/random_pred/prediction/random16_sequences_unrelaxed_rank_040_alphafold2_ptm_model_1_seed_005.pdb,88.15088937093275,17,4.6966,1.898906
/fs/ess/PAA0203/xing244/AF_ClaSeq/results_updated/pfmate/run3/divide_and_conquer/random_pred/prediction/random16_sequences_unrelaxed_rank_039_alphafold2_ptm_model_1_seed_001.pdb,88.1769197396963,17,4.9292674,1.5156232
/fs/ess/PAA0203/xing244/AF_ClaSeq/results_updated/pfmate/run3/divide_and_conquer/random_pred/prediction/random16_sequences_unrelaxed_rank_038_alphafold2_ptm_model_4_seed_006.pdb,88.39013015184382,17,4.620454,1.939932
/fs/ess/PAA0203/xing244/AF_ClaSeq/results_updated/pfmate/run3/divide_and_conquer/random_pred/prediction/random16_sequences_unrelaxed_rank_037_alphafold2_ptm_model_1_seed_003.pdb,88.50223427331888,17,5.0940976,1.3977545
/fs/ess/PAA0203/xing244/AF_ClaSeq/results_updated/pfmate/run3/divide_and_conquer/random_pred/prediction/random16_sequences_unrelaxed_rank_036_alphafold2_ptm_model_1_seed_004.pdb,88.58318872017351,17,4.690261,1.8425602
/fs/ess/PAA0203/xing244/AF_ClaSeq/results_updated/pfmate/run3/divide_and_conquer/random_pred/prediction/random16_sequences_unrelaxed_rank_035_alphafold2_ptm_model_1_seed_000.pdb,88.59657266811281,17,4.6984744,1.8777237
/fs/ess/PAA0203/xing244/AF_ClaSeq/results_updated/pfmate/run3/divide_and_conquer/random_pred/prediction/random16_sequences_unrelaxed_rank_034_alphafold2_ptm_model_1_seed_007.pdb,88.7644251626898,17,4.5607276,2.0787814
/fs/ess/PAA0203/xing244/AF_ClaSeq/results_updated/pfmate/run3/divide_and_conquer/random_pred/prediction/random16_sequences_unrelaxed_rank_033_alphafold2_ptm_model_4_seed_005.pdb,88.83117136659436,17,4.6341267,1.9159268
/fs/ess/PAA0203/xing244/AF_ClaSeq/results_updated/pfmate/run3/divide_and_conquer/random_pred/prediction/random16_sequences_unrelaxed_rank_032_alphafold2_ptm_model_1_seed_006.pdb,88.8504989154013,17,5.1526427,1.3568972
/fs/ess/PAA0203/xing244/AF_ClaSeq/results_updated/pfmate/run3/divide_and_conquer/random_pred/prediction/random16_sequences_unrelaxed_rank_030_alphafold2_ptm_model_4_seed_000.pdb,89.04757049891542,17,4.6065025,1.9539624
/fs/ess/PAA0203/xing244/AF_ClaSeq/results_updated/pfmate/run3/divide_and_conquer/random_pred/prediction/random16_sequences_unrelaxed_rank_028_alphafold2_ptm_model_1_seed_002.pdb,89.05125813449025,17,5.0433326,1.403152
/fs/ess/PAA0203/xing244/AF_ClaSeq/results_updated/pfmate/run3/divide_and_conquer/random_pred/prediction/random16_sequences_unrelaxed_rank_031_alphafold2_ptm_model_4_seed_007.pdb,89.06720173535793,17,4.6428957,1.8788143
/fs/ess/PAA0203/xing244/AF_ClaSeq/results_updated/pfmate/run3/divide_and_conquer/random_pred/prediction/random16_sequences_unrelaxed_rank_029_alphafold2_ptm_model_4_seed_003.pdb,89.09026030368764,17,4.5235953,2.159008
/fs/ess/PAA0203/xing244/AF_ClaSeq/results_updated/pfmate/run3/divide_and_conquer/random_pred/prediction/random16_sequences_unrelaxed_rank_027_alphafold2_ptm_model_2_seed_003.pdb,89.2756399132321,17,4.845512,1.6998243
/fs/ess/PAA0203/xing244/AF_ClaSeq/results_updated/pfmate/run3/divide_and_conquer/random_pred/prediction/random16_sequences_unrelaxed_rank_026_alphafold2_ptm_model_4_seed_001.pdb,89.29123644251625,17,4.605672,1.9442362
/fs/ess/PAA0203/xing244/AF_ClaSeq/results_updated/pfmate/run3/divide_and_conquer/random_pred/prediction/random16_sequences_unrelaxed_rank_025_alphafold2_ptm_model_2_seed_005.pdb,89.3397830802603,17,4.676183,1.9678346
/fs/ess/PAA0203/xing244/AF_ClaSeq/results_updated/pfmate/run3/divide_and_conquer/random_pred/prediction/random16_sequences_unrelaxed_rank_024_alphafold2_ptm_model_4_seed_002.pdb,89.37045553145336,17,4.711295,1.7472351
/fs/ess/PAA0203/xing244/AF_ClaSeq/results_updated/pfmate/run3/divide_and_conquer/random_pred/prediction/random16_sequences_unrelaxed_rank_023_alphafold2_ptm_model_4_seed_004.pdb,89.39002169197394,17,4.5783553,1.9809581
/fs/ess/PAA0203/xing244/AF_ClaSeq/results_updated/pfmate/run3/divide_and_conquer/random_pred/prediction/random16_sequences_unrelaxed_rank_022_alphafold2_ptm_model_2_seed_000.pdb,89.45186550976139,17,4.797089,1.7720712
/fs/ess/PAA0203/xing244/AF_ClaSeq/results_updated/pfmate/run3/divide_and_conquer/random_pred/prediction/random16_sequences_unrelaxed_rank_021_alphafold2_ptm_model_2_seed_004.pdb,89.61594360086767,17,4.876153,1.5710645
/fs/ess/PAA0203/xing244/AF_ClaSeq/results_updated/pfmate/run3/divide_and_conquer/random_pred/prediction/random16_sequences_unrelaxed_rank_019_alphafold2_ptm_model_2_seed_002.pdb,89.67804772234274,17,4.996083,1.5132139
/fs/ess/PAA0203/xing244/AF_ClaSeq/results_updated/pfmate/run3/divide_and_conquer/random_pred/prediction/random16_sequences_unrelaxed_rank_020_alphafold2_ptm_model_2_seed_001.pdb,89.71648590021692,17,4.900123,1.5509489
/fs/ess/PAA0203/xing244/AF_ClaSeq/results_updated/pfmate/run3/divide_and_conquer/random_pred/prediction/random16_sequences_unrelaxed_rank_018_alphafold2_ptm_model_3_seed_003.pdb,89.98952277657267,17,4.786995,1.7437214
/fs/ess/PAA0203/xing244/AF_ClaSeq/results_updated/pfmate/run3/divide_and_conquer/random_pred/prediction/random16_sequences_unrelaxed_rank_017_alphafold2_ptm_model_2_seed_006.pdb,90.12080260303688,17,4.889504,1.5670153
/fs/ess/PAA0203/xing244/AF_ClaSeq/results_updated/pfmate/run3/divide_and_conquer/random_pred/prediction/random16_sequences_unrelaxed_rank_016_alphafold2_ptm_model_5_seed_000.pdb,90.27355748373103,17,4.6428094,2.0070708
/fs/ess/PAA0203/xing244/AF_ClaSeq/results_updated/pfmate/run3/divide_and_conquer/random_pred/prediction/random16_sequences_unrelaxed_rank_014_alphafold2_ptm_model_3_seed_004.pdb,90.28676789587854,17,5.17752,1.3522333
/fs/ess/PAA0203/xing244/AF_ClaSeq/results_updated/pfmate/run3/divide_and_conquer/random_pred/prediction/random16_sequences_unrelaxed_rank_013_alphafold2_ptm_model_2_seed_007.pdb,90.29431670281997,17,4.894589,1.5504757
/fs/ess/PAA0203/xing244/AF_ClaSeq/results_updated/pfmate/run3/divide_and_conquer/random_pred/prediction/random16_sequences_unrelaxed_rank_015_alphafold2_ptm_model_5_seed_005.pdb,90.33683297180043,17,4.6245227,2.0131733
/fs/ess/PAA0203/xing244/AF_ClaSeq/results_updated/pfmate/run3/divide_and_conquer/random_pred/prediction/random16_sequences_unrelaxed_rank_012_alphafold2_ptm_model_5_seed_004.pdb,90.41351409978307,17,4.6712837,1.9049146
/fs/ess/PAA0203/xing244/AF_ClaSeq/results_updated/pfmate/run3/divide_and_conquer/random_pred/prediction/random16_sequences_unrelaxed_rank_010_alphafold2_ptm_model_3_seed_005.pdb,90.47548806941431,17,5.0843396,1.4542521
/fs/ess/PAA0203/xing244/AF_ClaSeq/results_updated/pfmate/run3/divide_and_conquer/random_pred/prediction/random16_sequences_unrelaxed_rank_011_alphafold2_ptm_model_5_seed_007.pdb,90.49238611713668,17,4.551182,2.1685421
/fs/ess/PAA0203/xing244/AF_ClaSeq/results_updated/pfmate/run3/divide_and_conquer/random_pred/prediction/random16_sequences_unrelaxed_rank_009_alphafold2_ptm_model_5_seed_003.pdb,90.55182212581344,17,4.609409,2.0355272
/fs/ess/PAA0203/xing244/AF_ClaSeq/results_updated/pfmate/run3/divide_and_conquer/random_pred/prediction/random16_sequences_unrelaxed_rank_008_alphafold2_ptm_model_5_seed_001.pdb,90.64800433839478,17,4.5241675,2.200079
/fs/ess/PAA0203/xing244/AF_ClaSeq/results_updated/pfmate/run3/divide_and_conquer/random_pred/prediction/random16_sequences_unrelaxed_rank_007_alphafold2_ptm_model_3_seed_002.pdb,90.7329934924078,17,5.196102,1.3060911
/fs/ess/PAA0203/xing244/AF_ClaSeq/results_updated/pfmate/run3/divide_and_conquer/random_pred/prediction/random16_sequences_unrelaxed_rank_006_alphafold2_ptm_model_3_seed_001.pdb,90.77572668112798,17,5.050237,1.3334241
/fs/ess/PAA0203/xing244/AF_ClaSeq/results_updated/pfmate/run3/divide_and_conquer/random_pred/prediction/random16_sequences_unrelaxed_rank_005_alphafold2_ptm_model_5_seed_002.pdb,90.81659436008677,17,4.5953074,2.0378277
/fs/ess/PAA0203/xing244/AF_ClaSeq/results_updated/pfmate/run3/divide_and_conquer/random_pred/prediction/random16_sequences_unrelaxed_rank_004_alphafold2_ptm_model_5_seed_006.pdb,90.84412147505422,17,4.575947,2.097648
/fs/ess/PAA0203/xing244/AF_ClaSeq/results_updated/pfmate/run3/divide_and_conquer/random_pred/prediction/random16_sequences_unrelaxed_rank_002_alphafold2_ptm_model_3_seed_007.pdb,90.88438177874185,17,5.0541306,1.4086932
/fs/ess/PAA0203/xing244/AF_ClaSeq/results_updated/pfmate/run3/divide_and_conquer/random_pred/prediction/random16_sequences_unrelaxed_rank_003_alphafold2_ptm_model_3_seed_000.pdb,90.89273318872016,17,4.854273,1.5611804
/fs/ess/PAA0203/xing244/AF_ClaSeq/results_updated/pfmate/run3/divide_and_conquer/random_pred/prediction/random16_sequences_unrelaxed_rank_001_alphafold2_ptm_model_3_seed_006.pdb,91.09440347071583,17,5.0007014,1.3456036
