1ake_rmsd,4ake_rmsd,bin
4.264779421184019,3.385211808078945,bin_4_14
4.5094694457655615,3.1506570278293515,bin_4_14
4.240694120106863,3.187417283984522,bin_3_13
4.926027451672386,2.5332083568271995,bin_3_13
4.2407178125203,3.4814129185762366,bin_4_14
4.303280025780793,3.2350691608155326,bin_3_13
4.540518778785346,3.100661141921306,bin_4_14
5.201035889086655,2.2310491140553754,bin_2_12
4.313747326543953,3.340255728470139,bin_4_14
4.648147670425842,2.8587661883013054,bin_3_13
4.572350536995108,3.1105301240802397,bin_4_14
2.850493776408536,4.57753528113613,bin_9_8
4.207478912291135,3.526412939825837,bin_4_14
4.117325042335983,3.5151648491853162,bin_4_14
5.108790769953805,2.3583334562725575,bin_3_13
4.223241193782606,3.54473803467219,bin_4_14
4.798489444192351,2.668697458335238,bin_3_13
4.823325523485494,2.7280142920319554,bin_2_12
5.168747223686449,2.351710270109765,bin_2_12
4.544566849646267,2.9899419466222064,bin_3_13
4.971269910731164,2.554542623066188,bin_3_13
5.682169528781688,1.9041184382250733,bin_2_12
5.191667068286904,2.3564249533883244,bin_2_12
3.516976457471458,3.871735306157864,bin_9_8
5.647437707054253,1.9935118126497857,bin_2_12
5.246915567811291,2.2355429690327644,bin_2_12
4.80230602651143,2.6934193616926057,bin_3_13
4.543401067370966,3.1377859471701255,bin_4_14
4.971609726682462,2.5514492596204277,bin_2_12
5.282927594487978,2.2676717297600155,bin_2_12
5.3042363520932625,2.2200105860316057,bin_2_12
4.659867433131811,2.845520323437786,bin_3_13
3.527307391173003,3.8541449938831454,bin_9_8
2.3472811229050006,5.165595362138086,bin_9_8
3.458420373751672,3.9652968703818834,bin_9_8
3.3273556778408224,4.05743837678071,bin_9_8
3.1540478099665057,4.244097759294615,bin_9_8
4.351797626949694,3.0099467657653287,bin_7_6
3.8445434846970215,3.5605285369154243,bin_7_6
2.6640973694854804,4.748552161995704,bin_9_8
4.61081599276654,2.782997063324818,bin_7_6
2.7242022906246968,4.69968182817441,bin_9_8
3.7494489591557056,3.859316725389538,bin_7_12
3.4746951294096577,3.926164461225626,bin_9_8
3.7436236011345887,3.5828079391295855,bin_7_6
3.7986430009285574,3.9426289032607627,bin_7_12
4.125069004847694,3.206888232422301,bin_7_6
3.7126539688964746,3.990403068167042,bin_7_12
4.417686701792523,2.9525653011577333,bin_7_6
4.400899474645049,3.0014114017393334,bin_7_6
3.722353552158982,3.8492870247580795,bin_7_12
4.352958945061409,3.049235867568427,bin_7_6
3.6677439394751445,3.917623160662763,bin_7_12
3.9369740815540557,3.4084456028164154,bin_7_6
3.9532517936629348,3.6240912023199647,bin_7_12
3.980254608052742,3.4102500851120903,bin_7_6
3.5313423033126123,4.034932718662091,bin_7_12
4.001295501027729,3.455361288371395,bin_6_8
3.775313609910327,3.8009034482415944,bin_7_12
3.7510367648838163,3.6704799769686036,bin_6_8
3.6845383061087604,4.042281499878229,bin_7_12
3.775722352082821,3.695795022650949,bin_6_8
3.878650820423306,3.820176833250244,bin_7_12
3.7921662537047482,3.701074506654584,bin_6_8
3.8003706479030694,3.665267460183842,bin_6_8
3.963268417976293,3.5493421670249177,bin_6_8
3.690432405858659,3.82947585229837,bin_6_8
4.1003515056704645,3.42523494915798,bin_6_8
3.688597604787453,3.7434141616782655,bin_6_8
5.204456669157909,2.59554155873165,bin_3_18
5.169212177730076,2.676602537564033,bin_3_18
4.868938206506936,2.908410149022491,bin_3_18
3.982027991560621,3.4510945785760683,bin_6_8
5.007469584506339,2.803666783922393,bin_3_18
3.9373071616874076,3.6792041694429853,bin_5_13
3.4357260928344138,4.132077971021747,bin_5_13
5.155425951960181,2.6396039659771087,bin_3_18
5.248504229994562,2.7242722235668766,bin_3_18
5.035472244473426,2.8173652410928547,bin_3_18
4.770359399284617,3.0506463938254886,bin_3_18
4.840024100320037,2.9611674946870936,bin_3_18
3.693485816564318,3.8572336058160026,bin_5_13
3.651005887440031,3.800435752958401,bin_5_13
3.774125552871002,3.7565576565140333,bin_5_13
3.3894511988982043,4.073685931997909,bin_5_13
5.3760139018020725,2.6162204998031227,bin_3_18
3.753151779883645,3.8805477972448137,bin_5_13
3.8565404032623487,3.5218222940971753,bin_4_12
4.2180653514746025,3.154264530840453,bin_4_12
3.656989634208673,3.8986903674399005,bin_5_13
3.9375573159963735,3.560119506440173,bin_5_13
3.912191590615122,3.594934148738644,bin_5_13
4.418500403219537,3.0371880267121547,bin_4_12
3.9742574935881607,3.3852881064173443,bin_4_12
4.0397535679024905,3.34148541642928,bin_4_12
3.4456245632011915,3.9231297106233503,bin_4_12
4.0225314372062115,3.334667207699575,bin_4_12
3.7954207911053257,3.6099899608884245,bin_4_12
4.131447911907552,3.2662948459740258,bin_4_12
5.159618242765578,2.1927957010854464,bin_3_8
5.196641201918786,2.160023251313218,bin_3_8
5.242832535361831,2.1642416742970574,bin_3_8
5.062733782993014,2.2890085358573917,bin_3_8
5.028029697948999,2.3232159699083814,bin_3_8
5.27195480094595,2.129481915165473,bin_3_8
3.981636005711134,3.3998541032324807,bin_4_12
5.2562488543261,2.1644342613053844,bin_3_8
5.25759938105004,2.1221518495402782,bin_3_8
5.365059707005383,2.0404620114439833,bin_3_8
4.442912414533474,2.968338726946606,bin_3_11
4.795002576460843,2.5602094167045935,bin_3_11
4.248417755018566,3.1407297944967807,bin_3_11
5.305407091682012,2.133420478256994,bin_3_8
4.66525962976124,2.6881121420151115,bin_3_11
4.67363710386026,2.74842641638785,bin_3_11
4.654581286684475,2.7213769387234708,bin_3_11
4.355507094261337,3.023040930342979,bin_3_11
4.521912953166445,2.7898915635367625,bin_3_11
4.086020193012002,3.272034394092547,bin_3_11
4.685793028016871,2.639295194269033,bin_3_11
2.61428794496416,4.761390649023842,bin_8_8
2.545481084546927,4.823160701220394,bin_8_8
3.286888329707202,4.044992646644983,bin_8_8
3.0088896705466674,4.32006399088947,bin_8_8
3.7023408167135807,3.6739484001585954,bin_8_8
2.4959629801402077,4.814002924085967,bin_8_8
2.960177909122894,4.325147171757662,bin_8_8
2.4822731179031043,4.935838315352696,bin_8_8
3.299926882413616,4.028500456129768,bin_8_8
2.7299918771442653,4.575582443000584,bin_8_8
3.4748673287036356,3.9606522335199634,bin_7_13
3.1108659939777756,4.366544037273863,bin_7_13
3.2440657827730135,4.15217142324125,bin_7_13
3.879906521736918,3.80791597413142,bin_7_13
2.710952369190216,4.698109170702503,bin_7_13
3.3441418706682677,4.118100319945501,bin_7_13
3.3100994584474015,4.2177902107128045,bin_7_13
3.5106725177122224,4.03239223748338,bin_7_13
4.062327131239761,3.639173848404118,bin_7_13
3.680968678438321,3.7503343644210227,bin_6_6
3.3627187044617655,4.150521051422163,bin_7_13
4.13756647432958,3.3805141906440808,bin_6_6
3.903834356442022,3.5736957165507466,bin_6_6
3.902541945441209,3.575117831880812,bin_6_6
4.114032861152342,3.343930710797996,bin_6_6
4.410646464846352,3.1103569693483326,bin_6_6
3.821032577326262,3.5995330240403534,bin_6_6
4.049703178381774,3.409562683397551,bin_6_6
3.960457342943545,3.491524372873655,bin_6_6
4.472859675879086,3.241539458300268,bin_4_17
4.274542617271352,3.452663939040772,bin_4_17
4.289499977165691,3.2300038842250047,bin_6_6
4.271605080565412,3.453542386563431,bin_4_17
4.8264720768244675,3.0177146247330704,bin_4_17
4.985624390146495,2.91094762134164,bin_4_17
4.749768086306172,3.1273765369016906,bin_4_17
4.516932251049958,3.2542043692310285,bin_4_17
5.093722936145408,2.7871871516269127,bin_4_17
4.470352828934726,3.2136558620808406,bin_4_17
4.497223936812655,3.306545128219251,bin_4_17
2.2874613024968853,5.2683489112971795,bin_14_6
2.4512992906234596,5.0685085160864425,bin_14_6
2.0526507295699337,5.693130539333266,bin_14_6
2.331097600638291,5.211615992505386,bin_14_6
2.5332699449683362,5.338098101829136,bin_14_6
2.533146765326353,5.164683958432696,bin_14_6
2.5120845222760257,5.101968088125195,bin_14_6
2.1844383224837953,5.62079595707888,bin_14_6
2.396368457063637,5.221818735657542,bin_14_6
2.541358121474546,5.133559782368511,bin_14_6
2.7301731690392392,4.645452454148967,bin_6_12
2.7743374442641855,4.598205328525338,bin_6_12
2.3293032165204357,5.131381017687874,bin_6_12
2.8310892542774555,4.530580081025155,bin_6_12
2.436759807180578,4.993625291327318,bin_6_12
3.273099857490719,4.121753618238216,bin_6_12
3.31227984837319,4.082681032909289,bin_6_12
4.291779495414998,3.0176561108039626,bin_4_9
4.394989520293462,2.932605017094488,bin_4_9
2.4212897183555366,5.026334693593243,bin_6_12
2.8138701086692417,4.586871826179987,bin_6_12
4.518637131025622,2.823588619839752,bin_4_9
4.1217944424397315,3.243523354980736,bin_4_9
4.412184440164975,2.886628296144491,bin_4_9
3.8405772258193758,3.5092585855548473,bin_4_9
2.653885092927933,4.792334688007805,bin_6_12
3.7261151992327655,3.6114805173622173,bin_4_9
2.571256600863924,4.783286032335929,bin_11_8
4.391023560388189,2.957299106583017,bin_4_9
2.5627864506750124,5.048704116708689,bin_4_9
4.336243210863488,2.998444512714301,bin_4_9
2.928386940653294,4.442176851456592,bin_11_8
3.23501132296863,4.202979595943447,bin_11_8
2.8874244837137377,4.5663086041058945,bin_11_8
2.6283675288123973,4.6949370334922405,bin_11_8
2.475992699942958,4.85111524171636,bin_11_8
3.8070169601695785,3.6165514466628657,bin_5_11
2.2625760662863827,5.098536496826248,bin_11_8
3.3751180492980186,4.063942854407346,bin_11_8
4.161155686819515,3.378783759186967,bin_5_11
2.7308742855806156,4.631835852772546,bin_11_8
4.143641493379519,3.422628143608284,bin_5_11
2.9925209963111907,4.493117916116451,bin_11_8
3.83818638968624,3.592713658932958,bin_5_11
4.090105846106638,3.444858444932117,bin_5_11
4.055543376610592,3.499447340800718,bin_5_11
2.017952834977171,5.606532896448367,bin_16_8
2.0254072000589245,5.743327736321418,bin_16_8
3.8607163908803286,3.6042126549716507,bin_5_11
4.0633079498872515,3.524603014589588,bin_5_11
3.9961051154718423,3.562726158018564,bin_5_11
3.7233544100972007,3.745540423799099,bin_5_11
1.8405985739541393,5.91796624661395,bin_16_8
2.07907493009824,5.551029867396169,bin_16_8
1.9948985855276078,5.695778261626251,bin_16_8
2.0906387968032965,5.709005393929702,bin_16_8
1.9734235656939971,5.554173489272335,bin_16_8
1.767446598752055,5.871931882805514,bin_16_8
4.533633850225943,3.038468946830883,bin_3_12
4.3977191041651515,3.1851302789086007,bin_3_12
4.627319650085677,2.9484913645617303,bin_3_12
2.1433204495163194,5.40888964163657,bin_16_8
4.652151226406694,2.8042283037235523,bin_3_12
1.990351449171987,5.898552516097552,bin_16_8
4.657404609052196,2.817533689154934,bin_3_12
4.7349714998855825,2.7294857120862814,bin_3_12
4.477863077271494,3.0061221530169244,bin_3_12
4.820428845714096,2.7422347792370894,bin_3_12
3.6247419162502674,4.011428937755673,bin_9_4
4.812841286322755,2.6626504015481807,bin_3_12
4.9462178508584405,2.553164307783328,bin_3_12
3.510324301666248,4.09118440867156,bin_9_4
3.0838296418223132,4.438685659948607,bin_9_4
3.556308036439629,3.935080963516075,bin_9_4
3.691068909831944,3.917253987401744,bin_9_4
3.2854504594237017,4.2808482304888775,bin_9_4
3.9425246371114784,3.678415442207922,bin_9_4
3.775012998593286,3.7852579123422925,bin_9_4
3.411574405639255,4.1482434039535185,bin_9_4
2.0712654037854703,5.489542956763745,bin_17_9
1.7400044381114816,5.905688213814694,bin_17_9
2.0159947004432697,5.466651374434635,bin_17_9
3.937810896826951,3.5988629999604327,bin_9_4
2.110872519389581,5.425032343876456,bin_17_9
1.942444517702608,5.577797000465773,bin_17_9
2.1760369468281495,5.281346816911811,bin_17_9
1.8661175831835048,5.7541502747689925,bin_17_9
3.4390124934660875,3.916552729387692,bin_8_6
2.004409593813048,5.546868943832123,bin_17_9
3.5407064169745652,3.7525677076679145,bin_8_6
2.6506499759322293,4.718625264869264,bin_8_6
2.1866426506850942,5.394021389100118,bin_17_9
1.9862994564767684,5.536103658238262,bin_17_9
3.2037263396127154,4.136461197222582,bin_8_6
2.3684996810553804,5.162107536896723,bin_8_6
3.87659115967803,3.443142992111752,bin_8_6
2.6007581966781603,4.855753992485242,bin_8_6
3.213633134186284,4.279188936094774,bin_8_6
4.155458811221559,3.3740086515958523,bin_6_9
3.3201895962062173,3.9790102063668873,bin_8_6
2.313766700794272,5.4689949090815215,bin_8_6
3.5405802220900866,3.8757557033665155,bin_6_9
4.341092867204996,3.307361656130122,bin_6_9
3.964462615429979,3.682621791177261,bin_6_9
4.800673891246596,2.9993665132893117,bin_4_18
3.802026952155089,3.766284055707501,bin_6_9
4.080190161969326,3.5179801884558133,bin_6_9
4.3722377376337045,3.230352570133393,bin_6_9
4.176675443900795,3.3621796870580716,bin_6_9
4.863973744560369,3.119527676808685,bin_4_18
4.139235188860363,3.490706063101792,bin_6_9
4.394009903505259,3.210232097885457,bin_6_9
4.450808288228307,3.367433162528484,bin_4_18
4.78936157350335,3.3198737580625957,bin_4_18
4.726747556756842,2.9782928218299447,bin_4_18
4.586662067543865,3.242343582190047,bin_4_18
4.6349437777083065,3.0415517332981277,bin_4_18
4.664484590229098,3.2795789918162126,bin_4_18
5.010440991027633,3.1010130231453608,bin_4_18
4.226087843637796,3.397035024451797,bin_4_18
3.8284864983325897,3.6098331636633745,bin_7_11
3.5692454056658995,3.815455546075577,bin_7_11
4.108167271557121,3.451034032278789,bin_7_11
4.040118949722683,3.4371925601571407,bin_7_11
3.763088558248469,3.723623804799088,bin_7_11
3.9124359974327247,3.6105909182486187,bin_7_11
4.0199345016839985,3.451366512868704,bin_7_11
3.98566938984004,3.582532182135798,bin_7_11
3.7634623973766987,3.646886416202579,bin_7_11
4.784376170003919,3.0096918310732685,bin_3_17
4.4217536252312994,3.156908831374028,bin_3_17
4.889055595505788,2.792243618469696,bin_3_17
3.6709354635153457,3.7416504225424005,bin_7_11
5.012725127303817,2.784043639196137,bin_3_17
4.237477256892758,3.32358798572769,bin_3_17
4.571150281062946,2.9614279909710035,bin_3_17
5.060956251188506,2.7603631977603613,bin_3_17
4.189266676157278,3.3367949737028786,bin_6_10
5.129843849517345,2.7556311367918207,bin_3_17
4.387286046840313,3.1007311406805504,bin_6_10
5.006326048120811,2.7194193130281104,bin_3_17
4.157333991681278,3.372104743913416,bin_6_10
4.3121372191302605,3.15428438042338,bin_6_10
4.044326725531984,3.3967952426292456,bin_6_10
4.798914197482326,3.009923793299463,bin_3_17
4.200675184123539,3.269360162193101,bin_6_10
3.8988684674082954,3.570217860743545,bin_6_10
3.4869197183740903,3.868208761440753,bin_6_10
4.038532524993725,3.4207540539382295,bin_6_10
4.237240791909249,3.2295997093507767,bin_5_12
4.114554476335929,3.3113263415008327,bin_6_10
4.3182911969449425,3.1659733746591003,bin_5_12
4.51432336606388,3.0054231568175807,bin_5_12
4.093961933092998,3.3075414776833982,bin_5_12
4.000426614215305,3.527411402215253,bin_5_12
3.938766022439503,3.543481973140444,bin_5_12
4.223590798730847,3.2620912830018227,bin_5_12
4.221635587077948,3.3032180711137253,bin_5_12
4.031532453955652,3.5283666821411304,bin_5_12
4.021479300839778,3.411044311176062,bin_5_12
4.275328124162573,3.358910444343594,bin_4_11
3.9661211281464186,3.5742491262608285,bin_4_11
4.344832931410369,3.1351272876012115,bin_4_11
4.358399387329888,3.1605565337701473,bin_4_11
4.379639555283383,3.162929888352559,bin_4_11
4.247425800309658,3.2048119500879295,bin_4_11
4.45310053279977,3.1278364823720897,bin_4_11
4.4437603733650635,2.9656269567068527,bin_3_10
3.8736114681973186,3.699697135846027,bin_4_11
4.246109223349684,3.3352890174134977,bin_4_11
4.285034874592212,3.244068729108772,bin_4_11
4.254735113395039,3.1194822410393077,bin_3_10
4.711196266612223,2.6594538708575968,bin_3_10
4.6867302359777465,2.748329910247579,bin_3_10
4.524769450587351,2.8397536457947017,bin_3_10
4.659033262956631,2.7261306848335267,bin_3_10
4.653088547874958,2.7460686487799015,bin_3_10
4.9025695234972035,2.4908285262597207,bin_3_10
4.643815245917451,2.7354253290952895,bin_3_10
4.008332348675722,3.3107747903575873,bin_6_7
4.499127403787222,2.8611819795474775,bin_6_7
4.555224396887274,2.8463792655465867,bin_3_10
4.226385653092906,3.1590790122279855,bin_6_7
3.9480394629482713,3.3841467954593782,bin_6_7
4.210952274753542,3.1069866707496843,bin_6_7
3.6217579451803146,3.7518076114941117,bin_6_7
4.009569724714714,3.30178513481724,bin_6_7
4.326786836276464,2.9990660755928658,bin_6_7
4.274636316512106,3.058080986436911,bin_6_7
4.177588044980035,3.2001447147191535,bin_6_7
2.5357676926337387,4.952207077023086,bin_8_10
2.3077994750094355,5.248364243575101,bin_8_10
2.2723245425936294,5.261356739135563,bin_8_10
2.2186085820023522,5.273187312472914,bin_8_10
2.1124882502490276,5.615447119683787,bin_8_10
1.994966768208376,5.660393942084645,bin_8_10
2.318945159107794,5.201808140053008,bin_8_10
2.415267383563262,5.077133978079373,bin_8_10
2.1070656523147986,5.552195568079828,bin_8_10
3.4267169073967687,4.056245857549661,bin_10_6
3.686575818835668,3.709458297141171,bin_10_6
2.903572003628833,4.492937199711852,bin_10_6
2.218716761268336,5.478623104418614,bin_8_10
2.7672264724301914,4.649467389846357,bin_10_6
3.406243888119012,3.98776200910035,bin_10_6
2.757905987414683,4.663855875901032,bin_10_6
3.197543074583846,4.337473145208149,bin_10_6
3.6483903528352646,3.7771206047995283,bin_10_6
3.5133012329928666,3.907434572327352,bin_10_6
4.4924862664666465,2.9731490583799856,bin_5_9
3.0771936647796907,4.306663000917856,bin_10_6
4.340076051841059,3.1196712811133183,bin_5_9
3.7313567516295354,3.644911570358772,bin_5_9
4.568902195854887,2.891738477056954,bin_5_9
4.313295485802891,3.0745310873334524,bin_5_9
4.29603959695526,3.1959042848720336,bin_5_9
4.327791390642604,3.0991097933552805,bin_5_9
4.631694132855707,3.0717932205175593,bin_4_16
4.605903891994484,3.2236084653044785,bin_4_16
3.8923286963217016,3.5465937815976636,bin_5_9
4.473721601865783,2.979459605114503,bin_5_9
4.177361694544821,3.2300988710308203,bin_5_9
4.734612489981362,3.004137856193514,bin_4_16
4.401692778543676,3.3563229156029832,bin_4_16
4.75296922445551,3.181672090622753,bin_4_16
5.046740825568947,2.8763659389588514,bin_4_16
4.480424969336505,3.3500451114147083,bin_4_16
5.013533284865782,2.933340240860809,bin_4_16
4.467577909493862,3.3178844085049692,bin_4_16
4.724833725689332,3.04421419165718,bin_4_16
3.9135334740500025,3.5509336272552883,bin_6_11
3.883032664602539,3.619027742569556,bin_6_11
2.092781397515027,5.2510416197522085,bin_6_11
3.9207568994875213,3.4755948055519217,bin_6_11
3.6559775507013104,3.7629917703268148,bin_6_11
3.0289874289988123,4.342016898725969,bin_6_11
3.042523159280033,4.338999991215513,bin_6_11
3.48926630551459,3.868768470115318,bin_6_11
3.4850423401556303,3.963963433335068,bin_6_11
2.7369448964263534,4.715289538191596,bin_11_7
3.3391440303204285,4.0663651984187705,bin_6_11
2.3762332951702043,5.1006750681926984,bin_11_7
3.2650908814745248,4.105944418037394,bin_11_7
3.324834491378151,4.054891363045918,bin_11_7
3.3340802331579766,4.045121400159176,bin_11_7
2.4105157116045435,5.150773461397502,bin_11_7
3.086485281145607,4.306681243221826,bin_11_7
2.8213048287773357,4.631757180797918,bin_11_7
2.8839820498243154,4.5307199131362115,bin_11_7
4.44027021666527,3.1968633204252423,bin_3_15
3.142445271963345,4.2557282812831945,bin_11_7
4.629735398118991,2.979136764187821,bin_3_15
5.246480038117774,2.4445322188571144,bin_3_15
4.958462415888615,2.678544696945194,bin_3_15
4.887479049458569,2.70428759272861,bin_3_15
4.966997554106306,2.590422044082856,bin_3_15
4.57680506110319,3.0656629590517266,bin_3_15
5.70178611041413,1.8918783137304187,bin_2_17
5.457075455773084,2.044883903207601,bin_2_17
6.256798796565499,1.4437049782247993,bin_2_17
5.145097305261212,2.6283807299514144,bin_3_15
5.077466032676643,2.6163983617692694,bin_3_15
5.092995345857014,2.5317104774879606,bin_3_15
6.088489979928897,1.5912310162308652,bin_2_17
5.453639459808618,2.0684394954737377,bin_2_17
5.413226467866711,2.1647858422652027,bin_2_17
5.6807418419078,1.8300198636906622,bin_2_17
5.724099213957055,1.7621985911510882,bin_2_17
5.44532726050335,2.1001177695436604,bin_2_17
5.66302591832969,1.8493446123320563,bin_2_17
3.7465645572770034,3.5959676452194116,bin_5_10
3.951044900144652,3.446258290527242,bin_5_10
3.558603399828299,3.8010597378424826,bin_5_10
3.570354377247195,3.7583636475839746,bin_5_10
3.585847515680682,3.7881646257130464,bin_5_10
3.9006639588629253,3.416589075638572,bin_5_10
3.9667546002819796,3.370428989032119,bin_5_10
2.651344401837668,4.847357310542256,bin_15_6
3.8191387927711524,3.5047346945104794,bin_5_10
2.750426602177429,4.751349780289333,bin_15_6
2.477894541895106,5.066494234427602,bin_15_6
3.294935466264059,4.1096214968725615,bin_5_10
2.70944076562673,4.844799074470911,bin_15_6
4.239359378664638,3.1220447514736973,bin_5_10
2.5878561105580786,4.961545574898154,bin_15_6
2.476772010140018,5.139788687030586,bin_15_6
2.083860881121355,5.603425890550179,bin_15_6
2.465711586815074,5.03355263146022,bin_15_6
2.7161274813479555,4.797292389475735,bin_15_6
2.275289566397323,5.425443854262824,bin_16_7
2.324002384458862,5.14073067230235,bin_16_7
2.256782032646317,5.255420853123805,bin_16_7
1.971976799986948,5.761147371430899,bin_15_6
2.438660687379289,5.036606405043563,bin_16_7
1.9232849338006754,5.674154964458916,bin_16_7
1.9278905680346996,5.678797043154837,bin_16_7
2.194494335520587,5.3169527636907725,bin_16_7
2.3234300543813884,5.384240289857414,bin_16_7
2.3721035597843194,5.134091533131223,bin_16_7
2.227116114053436,5.297633786247809,bin_16_7
4.10298394110725,3.5101654758496297,bin_8_7
3.5489440075731515,4.043621123697285,bin_8_7
3.847386374655475,3.714871838391558,bin_8_7
4.004514508945165,3.5582337855673294,bin_8_7
3.855176883647076,3.6782255033068534,bin_8_7
3.8240227369688733,3.7425084491955665,bin_8_7
3.5445152853515984,4.02498508898699,bin_8_7
3.5688615376758457,3.9155777699518963,bin_8_7
4.088114224921689,3.4501810614332986,bin_7_9
3.886734636019274,3.635940620011978,bin_8_7
3.835027079374763,3.6005059243392674,bin_7_9
3.5988269875181444,3.908445252289333,bin_8_7
3.040680115277214,4.3837986030806535,bin_7_9
3.697764564211942,3.7592292927411073,bin_7_9
3.773215653933644,3.692267832616747,bin_7_9
3.8765102026871503,3.6342189686525943,bin_7_9
3.849290767889914,3.642061474731937,bin_7_9
4.173614470184112,3.41342332423861,bin_7_9
3.5131635097684657,3.9268222846409264,bin_7_9
4.191316151408334,3.3296419907702868,bin_7_9
4.140672284915574,3.5658884687372567,bin_5_15
4.359064598555195,3.388493480559677,bin_5_15
4.180572871185084,3.5849433047020542,bin_5_15
4.144509677778235,3.6688560393237815,bin_5_15
4.267201067226851,3.4826732582826647,bin_5_15
4.006909965182976,3.757909436435478,bin_5_15
4.262312092457759,3.4154673371631015,bin_5_15
4.291328274193424,3.548891295941913,bin_5_15
3.9269386700745503,3.8065787608352615,bin_5_15
3.860098447898369,3.7409958679082487,bin_5_15
4.004326233837633,3.40529153513645,bin_5_7
3.983170382529364,3.4055949756269404,bin_5_7
4.010535878851091,3.413860106746271,bin_5_7
4.039504864877767,3.3681452868503476,bin_5_7
4.218004621298807,3.187974914238333,bin_5_7
3.6055556216118108,3.723469885297915,bin_5_7
4.299562868317254,3.0836928557734042,bin_5_7
4.212229119920116,3.211822349965343,bin_5_7
3.661142693034055,3.6833141825144575,bin_5_7
4.098020097608771,3.3814122096787123,bin_7_10
3.7556731794682436,3.7528744445285818,bin_7_10
4.104024224741951,3.2402027057695615,bin_5_7
4.03990027973569,3.471275097604247,bin_7_10
4.016970445277965,3.5171841722552477,bin_7_10
3.9107603322656765,3.5954607995783956,bin_7_10
3.94289705866563,3.6263871202286038,bin_7_10
3.7157597338012716,3.835688079936023,bin_7_10
4.067558298561216,3.4340480579714927,bin_7_10
4.162394251534304,3.3345338324912848,bin_7_10
4.1123470736016206,3.3743772406884887,bin_7_10
5.098637108123714,2.8149778836299397,bin_3_16
4.712177111966768,2.9716809846216785,bin_3_16
5.107597515929167,2.686991977306055,bin_3_16
5.198992970683664,2.7062092944244003,bin_3_16
4.491915491146943,3.3137060141527948,bin_3_16
4.476521867582697,3.304171582782813,bin_3_16
4.598880465048247,3.150357931534718,bin_3_16
5.0070143975159915,2.731795319560917,bin_3_16
4.7484523877186575,3.039902614248199,bin_3_16
4.7534643742958504,2.953773323887083,bin_3_16
3.19155176116793,4.206911000881435,bin_11_5
3.3580960165421505,3.993601499803814,bin_11_5
2.6985593928527396,4.687892559153161,bin_11_5
2.9749939103783642,4.424457833381074,bin_11_5
3.0191866742316362,4.348190541579878,bin_11_5
3.094193651812909,4.243961934030003,bin_11_5
3.4472831470363032,3.878988914159298,bin_11_5
3.3195797733276122,4.031554740954582,bin_11_5
4.167182904455188,3.332063099666221,bin_4_10
3.1980191252714865,4.161518949759822,bin_11_5
2.7809170659810567,4.633481256325975,bin_11_5
4.651259880297671,2.825432546993973,bin_4_10
4.665206055117744,2.7994900987322264,bin_4_10
4.163027053182202,3.256772343573599,bin_4_10
4.391872153231301,3.0516694834238534,bin_4_10
3.8760909911026102,3.5845330540800964,bin_4_10
4.800915201056181,2.6733308131108933,bin_4_10
4.201639287448572,3.256588139002714,bin_4_10
4.09963658331316,3.348310207371293,bin_4_10
2.631234188035712,4.763964079320937,bin_12_6
1.847288978345994,5.829533818783716,bin_12_6
4.906109892908905,2.549465125240653,bin_4_10
2.9863484324468863,4.373743929866214,bin_12_6
2.573344476504114,4.935049064329325,bin_12_6
2.971975239395806,4.368036302517851,bin_12_6
1.9637274060924907,5.665476278311098,bin_12_6
2.7596761702479284,4.6559425746281855,bin_12_6
2.6503730337525595,4.735462466082101,bin_12_6
2.317691492656891,5.124872470152235,bin_12_6
2.82797153107046,4.636198102594174,bin_12_6
3.482705920525471,4.155024286482561,bin_16_5
3.441925381549,4.326564304702807,bin_16_5
3.254292383580795,4.370553610478497,bin_16_5
3.537090021628919,4.159338680676134,bin_16_5
3.1331127912867798,4.575495416947796,bin_16_5
3.3406518693243843,4.659073529015874,bin_16_5
3.799871813615455,3.88406327137357,bin_16_5
3.417910893035874,4.393018347297839,bin_16_5
3.5672102102815186,3.830185355857682,bin_8_5
3.3021175331014243,4.335246798302397,bin_16_5
3.587166462044468,4.081509855050958,bin_16_5
3.6332574934273523,3.7030259390413174,bin_8_5
4.026582557683611,3.2810727583480883,bin_8_5
4.082383784610416,3.224998660428621,bin_8_5
3.3120405749891426,4.032441757082225,bin_8_5
3.8242225079090404,3.5157426371456673,bin_8_5
3.5392673357296136,3.7805431888542556,bin_8_5
3.7539005678257356,3.563986350970103,bin_8_5
3.8902133092748032,3.4837428020190853,bin_8_5
3.8134566866689634,3.4959022159349513,bin_8_5
3.977123282059682,3.4854158908841697,bin_7_7
3.870877382576711,3.5256373660439713,bin_7_7
4.114313437960271,3.4101737835355928,bin_7_7
4.301171583257859,3.166931865821931,bin_7_7
4.160485737332739,3.339030967428281,bin_7_7
3.9611861965276898,3.4769356217377094,bin_7_7
3.8806846005089652,3.5260061707784485,bin_7_7
4.125406354177147,3.3350705829617455,bin_7_7
3.983159800534662,3.4431758923254736,bin_7_7
4.335099876617945,3.1642586607457264,bin_7_7
4.51326503141984,3.4484306649408802,bin_6_14
4.090609644641853,3.722783043583211,bin_6_14
3.8574825264948256,3.881654675715472,bin_6_14
4.064904068694021,3.7650897675503705,bin_6_14
3.9097377944303515,3.822828394186635,bin_6_14
4.38372066223964,3.4652847005498972,bin_6_14
4.381082067553519,3.392173778665622,bin_6_14
4.554761209682785,3.417794757486349,bin_6_14
4.244285127264489,3.55387937090957,bin_6_14
4.301475190644507,3.453608588612352,bin_5_16
4.392757182841119,3.441685029618242,bin_6_14
4.233467986653399,3.4514169731758955,bin_5_16
4.060488317423674,3.6766302171302727,bin_5_16
4.600288193096003,3.350871474062935,bin_5_16
3.972955879412807,3.6590566162168425,bin_5_16
4.486841613273562,3.2265267679836374,bin_5_16
4.307811559566828,3.362552148671273,bin_5_16
4.4850158923869765,3.1637333968035177,bin_5_16
4.371080528878968,3.411022805414039,bin_5_16
4.759833856351747,3.170689760367857,bin_5_16
5.003636336287674,2.531405588377514,bin_5_5
5.215748032187903,2.2422526731673194,bin_5_5
5.3869137471348,2.149548960296938,bin_5_5
5.228896952065916,2.152647825237164,bin_5_5
5.222753839417852,2.297989365424097,bin_5_5
5.207528030009696,2.1873115938037446,bin_5_5
5.022921531669982,2.4933257711062016,bin_5_5
4.718321075350332,2.8384529822074125,bin_5_5
5.541968279503549,1.9867608573632385,bin_5_5
4.261569694078527,3.383289186529729,bin_4_15
4.111757910557747,3.5608137682631162,bin_4_15
4.985336086293832,2.494827624331687,bin_5_5
4.556829136516684,3.2182794955611165,bin_4_15
4.374907437885684,3.33449452701338,bin_4_15
3.8348184370276193,3.7457604431387717,bin_4_15
4.481088247814747,3.2086179250850155,bin_4_15
4.516950666371154,3.302270575775128,bin_4_15
4.0698416817532665,3.6010537250672243,bin_4_15
4.731300430520406,3.1741634271803476,bin_4_15
4.544158530908776,3.307311091179255,bin_4_15
5.1703155687651075,2.227419107028503,bin_4_7
5.323446604008297,2.0935598689158748,bin_4_7
5.176764661272146,2.202115512977613,bin_4_7
5.132495506539784,2.3320755820398764,bin_4_7
4.9909926299666765,2.4954081657109124,bin_4_7
5.3525564050029315,2.0733156813543046,bin_4_7
4.845356775013461,2.6161628875187555,bin_4_7
4.8985638473315065,2.494932381579419,bin_4_7
4.755120659991214,2.6967372328938053,bin_4_7
4.952452304296777,2.437471304897447,bin_4_7
4.398975156439322,3.094911037717569,bin_3_14
4.811074024102345,2.760242099126512,bin_3_14
4.548051618199951,3.012181211461515,bin_3_14
4.737922765208125,2.8524371612533677,bin_3_14
4.250505291402948,3.275935273209796,bin_3_14
4.091838203057928,3.3921108338293022,bin_3_14
4.409496098756852,3.0816040736964894,bin_3_14
4.6236503569851175,2.9304844327521318,bin_3_14
3.8234783744064447,3.5810499567527105,bin_3_14
3.9433235725475924,3.468617511831556,bin_3_14
3.910134481181424,3.6715189809028934,bin_6_15
4.181251509048479,3.5956453870532195,bin_6_15
4.078458518860394,3.5377571530529215,bin_6_15
3.875170246954885,3.7989732859746757,bin_6_15
3.3865239620758607,4.185057361890987,bin_6_15
4.096368111568475,3.6579191226996866,bin_6_15
3.51006593376151,3.949402748529923,bin_6_15
3.3859684520628366,3.992432672284525,bin_6_15
3.21272692576362,4.274817275844801,bin_6_15
3.856148349431905,3.65850047528894,bin_6_15
4.1302534203040695,3.3931081338336133,bin_5_8
4.251696911346305,3.236307417142718,bin_5_8
4.355882132611365,3.099994306583631,bin_5_8
4.0040883971773775,3.4445409371715376,bin_5_8
4.444007010743734,3.0514382223772345,bin_5_8
4.228744894033009,3.2967036749901233,bin_5_8
4.077984209078761,3.4941782749721693,bin_5_8
4.44537417968774,3.3711301356478764,bin_5_14
4.020814151313542,3.491517974588599,bin_5_8
4.173449486855776,3.6591016221273254,bin_5_14
4.185879818788798,3.244635510629891,bin_5_8
4.323022135911522,3.39321631480312,bin_5_14
4.135864495975177,3.38303058070383,bin_5_8
4.375277732690559,3.3987325407748257,bin_5_14
4.131117323406729,3.5982811576282563,bin_5_14
4.538817030867718,3.342029097725502,bin_5_14
4.582493228580546,3.3331125200861105,bin_5_14
4.318345732506048,3.619224248261975,bin_5_14
4.118578504924564,3.616991554134157,bin_5_14
1.5867590366416664,6.221482508929637,bin_18_13
4.388188694738183,3.3780274018968575,bin_5_14
1.6498559689532915,6.144105327011502,bin_18_13
1.7157186575229306,6.0612006370128615,bin_18_13
1.7465974578074888,6.215059829213085,bin_18_13
1.6675007288969315,6.119011817281332,bin_18_13
1.6682724734301808,6.204334793785839,bin_18_13
1.6407351398666672,6.177364979358507,bin_18_13
1.6234335996618305,6.214807717894294,bin_18_13
1.840678206279226,6.229618468324337,bin_18_13
3.869483308994258,3.51874955280643,bin_4_13
4.224290672037476,3.2594022441484634,bin_4_13
1.5973535266980796,6.2369908423971285,bin_18_13
3.7714475633157556,3.5811766820960096,bin_4_13
4.178461020435669,3.2473139096887285,bin_4_13
3.962551960934387,3.4677894666294655,bin_4_13
4.274353289650229,3.276964890777067,bin_4_13
4.049688896948774,3.3873827491383457,bin_4_13
3.220209597355139,4.139254457747026,bin_4_13
1.9175607529882424,5.999913044653408,bin_18_11
3.917563431863619,3.5617474246619025,bin_4_13
3.9922451935129613,3.4202819625221648,bin_4_13
2.2315666497369264,5.655189243245387,bin_18_11
2.0700240327651183,5.844590096921543,bin_18_11
1.9600188134574998,5.9832664852448065,bin_18_11
2.1183756403982525,5.990990358147557,bin_18_11
2.2201284050996706,5.937424515822759,bin_18_11
2.1918593804543587,5.703247366603273,bin_18_11
2.0624440066476084,5.786730726610947,bin_18_11
2.0089179758872335,5.837835921147836,bin_18_11
2.1089973586765582,5.832935713547305,bin_18_11
2.862957831108077,4.788495688481017,bin_11_4
4.010444504665583,3.4323467163040915,bin_11_4
2.8524142617365813,4.66287752461771,bin_11_4
3.6641565064563713,3.9569283246117397,bin_11_4
3.7202730885464432,3.74529798988553,bin_11_4
3.558010080054019,3.877290495980318,bin_11_4
2.677718478645114,5.039499936859695,bin_11_4
2.86822366338311,4.648809613258147,bin_11_4
3.6033235302257163,4.0513732326822804,bin_11_4
4.943880913868721,2.5309282444130927,bin_2_14
3.77560180698365,3.691912944090826,bin_11_4
4.97764513460128,2.5622468101191282,bin_2_14
5.012172526961683,2.452660039813404,bin_2_14
4.794742819270293,2.6708916554541426,bin_2_14
5.537360938424882,2.078923606075459,bin_2_14
5.30501141951307,2.2567813008354327,bin_2_14
4.820849825623589,2.6394950294779647,bin_2_14
3.0666694713831917,4.560820403928721,bin_9_5
4.999602897983058,2.5615378850401913,bin_2_14
5.2623057433647,2.2534279953750365,bin_2_14
5.55377959089718,2.080600357169391,bin_2_14
3.4259683599878343,3.9213390937799466,bin_9_5
2.9370760773970748,4.531068497251875,bin_9_5
3.322403776125722,4.081106261948881,bin_9_5
2.5403123227350157,4.956089854890362,bin_9_5
2.861381427962211,4.559221596390188,bin_9_5
3.6618804019541185,3.7690189409112853,bin_9_5
3.64014483156911,3.737751811382328,bin_9_5
3.2184840933505487,4.169639757226281,bin_9_5
2.860352716623308,4.57263398754833,bin_13_6
2.8486078157767603,4.716128135498897,bin_13_6
3.6164327606772413,3.7822568486969836,bin_9_5
2.6710059292681567,4.7844559001753755,bin_13_6
2.1517538719261773,5.44374450272077,bin_13_6
2.6230057534497875,4.878495598424411,bin_13_6
2.9648887907095594,4.504586061675552,bin_13_6
2.13933534187661,5.545030072192083,bin_13_6
2.112078275915593,5.650162139089399,bin_13_6
2.4876573356296063,5.111690014241356,bin_13_6
2.1299514395377694,5.600960692416224,bin_13_6
2.0531092239771227,5.611967368816995,bin_14_7
2.179645509565842,5.510764664866676,bin_14_7
1.8691094960018644,5.864600995371119,bin_14_7
2.203250124654989,5.2960370014570515,bin_14_7
2.250727010380927,5.231309862629389,bin_14_7
2.1862087842188993,5.36445953849886,bin_14_7
2.1916730095690586,5.419911634874414,bin_14_7
3.333800224608508,4.096620209458573,bin_6_13
2.112914896152154,5.4936264063191045,bin_14_7
2.1036716340152846,5.573279405038761,bin_14_7
1.8487695766824803,5.868045300221344,bin_14_7
3.229872155600477,4.237931644569615,bin_6_13
3.046332572965321,4.434856872336882,bin_6_13
2.995275368996953,4.416882127092472,bin_6_13
2.0635822795805425,5.364916766306117,bin_6_13
3.0524991503383485,4.334316704019014,bin_6_13
2.2259135538838897,5.198136624310298,bin_6_13
2.975966865963115,4.47303498250683,bin_6_13
2.824908885995179,4.546385681402425,bin_6_13
1.969681271649344,5.535806434232063,bin_17_10
3.48943757448154,3.9869089437288467,bin_6_13
1.8057467296129284,5.7778764747301405,bin_17_10
2.273699875379105,5.0741924316685845,bin_17_10
1.859768452213209,5.784438031960165,bin_17_10
1.608051426233667,5.999864169202269,bin_17_10
1.764189879032102,5.778388047548904,bin_17_10
1.8720080322523494,5.610937946867299,bin_17_10
2.0946558976125966,5.289120352572723,bin_17_10
1.8360445233434495,5.872000520149363,bin_17_10
1.7457217041033464,5.812290637235719,bin_17_10
