PDB,plddt,seq_count,2qke_tmscore,5jyt_tmscore
bin41_sequences_5jyt_shuff/bin41_sequences_5jyt_shuffle_pos5_6_7_12_19_23_44_61_62_64_64_70_72_76_77_77_85_v01_unrelaxed_rank_001_alphafold2_ptm_model_1_seed_000.pdb,90.75890109890109,120,0.49284,0.81592
bin41_sequences_5jyt_shuff/bin41_sequences_5jyt_shuffle_pos5_6_7_12_19_23_44_61_62_64_64_70_72_76_77_77_85_v02_unrelaxed_rank_001_alphafold2_ptm_model_1_seed_000.pdb,90.87032967032968,120,0.49153,0.80339
bin41_sequences_5jyt_shuff/bin41_sequences_5jyt_shuffle_pos5_6_7_12_19_23_44_61_62_64_64_70_72_76_77_77_85_v03_unrelaxed_rank_001_alphafold2_ptm_model_1_seed_000.pdb,89.09087912087911,120,0.49179,0.80665
bin41_sequences_5jyt_shuff/bin41_sequences_5jyt_shuffle_pos5_6_7_12_19_23_44_61_62_64_64_70_72_76_77_77_85_v04_unrelaxed_rank_001_alphafold2_ptm_model_1_seed_000.pdb,90.15824175824176,120,0.48617,0.79015
bin41_sequences_5jyt_shuff/bin41_sequences_5jyt_shuffle_pos5_6_7_12_19_23_44_61_62_64_64_70_72_76_77_77_85_v05_unrelaxed_rank_001_alphafold2_ptm_model_1_seed_000.pdb,88.39956043956045,120,0.49345,0.81256
bin41_sequences_5jyt_shuff/bin41_sequences_5jyt_shuffle_pos5_6_7_12_19_23_44_61_62_64_64_70_72_76_77_77_85_v06_unrelaxed_rank_001_alphafold2_ptm_model_1_seed_000.pdb,91.72175824175822,120,0.48977,0.8046
bin41_sequences_5jyt_shuff/bin41_sequences_5jyt_shuffle_pos5_6_7_12_19_23_44_61_62_64_64_70_72_76_77_77_85_v07_unrelaxed_rank_001_alphafold2_ptm_model_1_seed_000.pdb,90.73835164835165,120,0.49025,0.80579
bin41_sequences_5jyt_shuff/bin41_sequences_5jyt_shuffle_pos5_6_7_12_19_23_44_61_62_64_64_70_72_76_77_77_85_v08_unrelaxed_rank_001_alphafold2_ptm_model_1_seed_000.pdb,90.83670329670329,120,0.49363,0.81302
bin41_sequences_5jyt_shuff/bin41_sequences_5jyt_shuffle_pos5_6_7_12_19_23_44_61_62_64_64_70_72_76_77_77_85_v09_unrelaxed_rank_001_alphafold2_ptm_model_1_seed_000.pdb,88.26714285714287,120,0.49226,0.80356
bin41_sequences_5jyt_shuff/bin41_sequences_5jyt_shuffle_pos5_6_7_12_19_23_44_61_62_64_64_70_72_76_77_77_85_v10_unrelaxed_rank_001_alphafold2_ptm_model_1_seed_000.pdb,88.72296703296703,120,0.49228,0.807
bin41_sequences_5jyt_shuff/bin41_sequences_5jyt_shuffle_pos5_6_7_12_19_23_44_61_62_64_64_70_72_76_77_77_85_v11_unrelaxed_rank_001_alphafold2_ptm_model_1_seed_000.pdb,89.81593406593407,120,0.49183,0.80586
bin41_sequences_5jyt_shuff/bin41_sequences_5jyt_shuffle_pos5_6_7_12_19_23_44_61_62_64_64_70_72_76_77_77_85_v12_unrelaxed_rank_001_alphafold2_ptm_model_1_seed_000.pdb,89.62813186813186,120,0.48927,0.81132
bin41_sequences_5jyt_shuff/bin41_sequences_5jyt_shuffle_pos5_6_7_12_19_23_44_61_62_64_64_70_72_76_77_77_85_v13_unrelaxed_rank_001_alphafold2_ptm_model_1_seed_000.pdb,90.48626373626374,120,0.49073,0.80519
bin41_sequences_5jyt_shuff/bin41_sequences_5jyt_shuffle_pos5_6_7_12_19_23_44_61_62_64_64_70_72_76_77_77_85_v14_unrelaxed_rank_001_alphafold2_ptm_model_1_seed_000.pdb,87.9431868131868,120,0.49345,0.81716
bin41_sequences_5jyt_shuff/bin41_sequences_5jyt_shuffle_pos5_6_7_12_19_23_44_61_62_64_64_70_72_76_77_77_85_v15_unrelaxed_rank_001_alphafold2_ptm_model_1_seed_000.pdb,91.4552747252747,120,0.4891,0.80213
bin41_sequences_5jyt_shuff/bin41_sequences_5jyt_shuffle_pos5_6_7_12_19_23_44_61_62_64_64_70_72_76_77_77_85_v16_unrelaxed_rank_001_alphafold2_ptm_model_1_seed_000.pdb,91.61736263736265,120,0.49091,0.80369
bin41_sequences_5jyt_shuff/bin41_sequences_5jyt_shuffle_pos5_6_7_12_19_23_44_61_62_64_64_70_72_76_77_77_85_v17_unrelaxed_rank_001_alphafold2_ptm_model_1_seed_000.pdb,89.98912087912088,120,0.48588,0.81163
bin41_sequences_5jyt_shuff/bin41_sequences_5jyt_shuffle_pos5_6_7_12_19_23_44_61_62_64_64_70_72_76_77_77_85_v18_unrelaxed_rank_001_alphafold2_ptm_model_1_seed_000.pdb,91.02945054945056,120,0.49082,0.80991
bin41_sequences_5jyt_shuff/bin41_sequences_5jyt_shuffle_pos5_6_7_12_19_23_44_61_62_64_64_70_72_76_77_77_85_v19_unrelaxed_rank_001_alphafold2_ptm_model_1_seed_000.pdb,90.60967032967032,120,0.49135,0.8064
bin41_sequences_5jyt_shuff/bin41_sequences_5jyt_shuffle_pos5_6_7_12_19_23_44_61_62_64_64_70_72_76_77_77_85_v20_unrelaxed_rank_001_alphafold2_ptm_model_1_seed_000.pdb,90.97494505494505,120,0.49431,0.81575
