pdb_code,structure_path,tm_score_1ake,tm_score_4ake
2pt5,results_updated/KAD_ECOLI/run2/seq_compare_for_reviewer3/1AKE_output/downloaded_structures/2pt5.cif,0.54758,0.5369
3hpq,results_updated/KAD_ECOLI/run2/seq_compare_for_reviewer3/1AKE_output/downloaded_structures/3hpq.cif,0.99396,0.6816
5c1a,results_updated/KAD_ECOLI/run2/seq_compare_for_reviewer3/1AKE_output/downloaded_structures/5c1a.cif,0.3886,0.44818
7xnd,results_updated/KAD_ECOLI/run2/seq_compare_for_reviewer3/1AKE_output/downloaded_structures/7xnd.cif,0.56188,0.54913
3e9n,results_updated/KAD_ECOLI/run2/seq_compare_for_reviewer3/1AKE_output/downloaded_structures/3e9n.cif,0.41283,0.41136
3cm0,results_updated/KAD_ECOLI/run2/seq_compare_for_reviewer3/1AKE_output/downloaded_structures/3cm0.cif,0.60425,0.72788
2zi7,results_updated/KAD_ECOLI/run2/seq_compare_for_reviewer3/1AKE_output/downloaded_structures/2zi7.cif,0.6153,0.52845
7swl,results_updated/KAD_ECOLI/run2/seq_compare_for_reviewer3/1AKE_output/downloaded_structures/7swl.cif,0.36813,0.38798
1ki9,results_updated/KAD_ECOLI/run2/seq_compare_for_reviewer3/1AKE_output/downloaded_structures/1ki9.cif,0.57051,0.63486
7eey,results_updated/KAD_ECOLI/run2/seq_compare_for_reviewer3/1AKE_output/downloaded_structures/7eey.cif,0.57998,0.55143
3qej,results_updated/KAD_ECOLI/run2/seq_compare_for_reviewer3/1AKE_output/downloaded_structures/3qej.cif,0.64513,0.57463
2qaj,results_updated/KAD_ECOLI/run2/seq_compare_for_reviewer3/1AKE_output/downloaded_structures/2qaj.cif,0.92785,0.66745
3u7e,results_updated/KAD_ECOLI/run2/seq_compare_for_reviewer3/1AKE_output/downloaded_structures/3u7e.cif,0.50875,0.49183
4zw2,results_updated/KAD_ECOLI/run2/seq_compare_for_reviewer3/1AKE_output/downloaded_structures/4zw2.cif,0.48513,0.52315
3lv8,results_updated/KAD_ECOLI/run2/seq_compare_for_reviewer3/1AKE_output/downloaded_structures/3lv8.cif,0.59997,0.55929
4oqn,results_updated/KAD_ECOLI/run2/seq_compare_for_reviewer3/1AKE_output/downloaded_structures/4oqn.cif,0.60897,0.54077
3vaa,results_updated/KAD_ECOLI/run2/seq_compare_for_reviewer3/1AKE_output/downloaded_structures/3vaa.cif,0.55926,0.57577
8b9d,results_updated/KAD_ECOLI/run2/seq_compare_for_reviewer3/1AKE_output/downloaded_structures/8b9d.cif,0.34574,0.35593
7xf0,results_updated/KAD_ECOLI/run2/seq_compare_for_reviewer3/1AKE_output/downloaded_structures/7xf0.cif,0.36548,0.42895
4ukd,results_updated/KAD_ECOLI/run2/seq_compare_for_reviewer3/1AKE_output/downloaded_structures/4ukd.cif,0.77749,0.6525
1ko4,results_updated/KAD_ECOLI/run2/seq_compare_for_reviewer3/1AKE_output/downloaded_structures/1ko4.cif,0.57945,0.53651
4gox,results_updated/KAD_ECOLI/run2/seq_compare_for_reviewer3/1AKE_output/downloaded_structures/4gox.cif,0.54331,0.58909
6pp5,results_updated/KAD_ECOLI/run2/seq_compare_for_reviewer3/1AKE_output/downloaded_structures/6pp5.cif,0.38684,0.38906
1s3g,results_updated/KAD_ECOLI/run2/seq_compare_for_reviewer3/1AKE_output/downloaded_structures/1s3g.cif,0.93074,0.6665
2yog,results_updated/KAD_ECOLI/run2/seq_compare_for_reviewer3/1AKE_output/downloaded_structures/2yog.cif,0.58539,0.55792
4dwj,results_updated/KAD_ECOLI/run2/seq_compare_for_reviewer3/1AKE_output/downloaded_structures/4dwj.cif,0.60187,0.58765
2xb4,results_updated/KAD_ECOLI/run2/seq_compare_for_reviewer3/1AKE_output/downloaded_structures/2xb4.cif,0.69194,0.8148
7oar,results_updated/KAD_ECOLI/run2/seq_compare_for_reviewer3/1AKE_output/downloaded_structures/7oar.cif,0.43077,0.4522
1r7r,results_updated/KAD_ECOLI/run2/seq_compare_for_reviewer3/1AKE_output/downloaded_structures/1r7r.cif,0.39577,0.45042
2shk,results_updated/KAD_ECOLI/run2/seq_compare_for_reviewer3/1AKE_output/downloaded_structures/2shk.cif,0.54899,0.53203
3vkg,results_updated/KAD_ECOLI/run2/seq_compare_for_reviewer3/1AKE_output/downloaded_structures/3vkg.cif,0.43317,0.45087
8egl,results_updated/KAD_ECOLI/run2/seq_compare_for_reviewer3/1AKE_output/downloaded_structures/8egl.cif,0.56579,0.5438
5xz2,results_updated/KAD_ECOLI/run2/seq_compare_for_reviewer3/1AKE_output/downloaded_structures/5xz2.cif,0.78558,0.6527
1kag,results_updated/KAD_ECOLI/run2/seq_compare_for_reviewer3/1AKE_output/downloaded_structures/1kag.cif,0.55554,0.51398
3trf,results_updated/KAD_ECOLI/run2/seq_compare_for_reviewer3/1AKE_output/downloaded_structures/3trf.cif,0.57626,0.57269
4ivp,results_updated/KAD_ECOLI/run2/seq_compare_for_reviewer3/1AKE_output/downloaded_structures/4ivp.cif,0.60882,0.53878
5x6l,results_updated/KAD_ECOLI/run2/seq_compare_for_reviewer3/1AKE_output/downloaded_structures/5x6l.cif,0.79099,0.65328
1n3b,results_updated/KAD_ECOLI/run2/seq_compare_for_reviewer3/1AKE_output/downloaded_structures/1n3b.cif,0.54136,0.5769
8cnt,results_updated/KAD_ECOLI/run2/seq_compare_for_reviewer3/1AKE_output/downloaded_structures/8cnt.cif,0.37058,0.3937
5tix,results_updated/KAD_ECOLI/run2/seq_compare_for_reviewer3/1AKE_output/downloaded_structures/5tix.cif,0.50967,0.52119
4i9k,results_updated/KAD_ECOLI/run2/seq_compare_for_reviewer3/1AKE_output/downloaded_structures/4i9k.cif,0.35462,0.39437
4a3s,results_updated/KAD_ECOLI/run2/seq_compare_for_reviewer3/1AKE_output/downloaded_structures/4a3s.cif,0.36482,0.40547
5g41,results_updated/KAD_ECOLI/run2/seq_compare_for_reviewer3/1AKE_output/downloaded_structures/5g41.cif,0.89131,0.67593
6wrf,results_updated/KAD_ECOLI/run2/seq_compare_for_reviewer3/1AKE_output/downloaded_structures/6wrf.cif,0.38335,0.37552
2no9,results_updated/KAD_ECOLI/run2/seq_compare_for_reviewer3/1AKE_output/downloaded_structures/2no9.cif,0.62818,0.56629
6gye,results_updated/KAD_ECOLI/run2/seq_compare_for_reviewer3/1AKE_output/downloaded_structures/6gye.cif,0.55222,0.50209
2ar7,results_updated/KAD_ECOLI/run2/seq_compare_for_reviewer3/1AKE_output/downloaded_structures/2ar7.cif,0.63632,0.79035
3a8t,results_updated/KAD_ECOLI/run2/seq_compare_for_reviewer3/1AKE_output/downloaded_structures/3a8t.cif,0.6073,0.63252
5c18,results_updated/KAD_ECOLI/run2/seq_compare_for_reviewer3/1AKE_output/downloaded_structures/5c18.cif,0.40278,0.47581
1gvn,results_updated/KAD_ECOLI/run2/seq_compare_for_reviewer3/1AKE_output/downloaded_structures/1gvn.cif,0.1794,0.1666
7sqc,results_updated/KAD_ECOLI/run2/seq_compare_for_reviewer3/1AKE_output/downloaded_structures/7sqc.cif,0.14247,0.14854
7owe,results_updated/KAD_ECOLI/run2/seq_compare_for_reviewer3/1AKE_output/downloaded_structures/7owe.cif,0.55174,0.59133
7sql,results_updated/KAD_ECOLI/run2/seq_compare_for_reviewer3/1AKE_output/downloaded_structures/7sql.cif,0.59414,0.56204
7zi5,results_updated/KAD_ECOLI/run2/seq_compare_for_reviewer3/1AKE_output/downloaded_structures/7zi5.cif,0.63767,0.5704
6b4z,results_updated/KAD_ECOLI/run2/seq_compare_for_reviewer3/1AKE_output/downloaded_structures/6b4z.cif,0.51346,0.53141
1zmx,results_updated/KAD_ECOLI/run2/seq_compare_for_reviewer3/1AKE_output/downloaded_structures/1zmx.cif,0.54848,0.49775
4die,results_updated/KAD_ECOLI/run2/seq_compare_for_reviewer3/1AKE_output/downloaded_structures/4die.cif,0.57971,0.54609
4i5o,results_updated/KAD_ECOLI/run2/seq_compare_for_reviewer3/1AKE_output/downloaded_structures/4i5o.cif,0.37894,0.39939
1lw7,results_updated/KAD_ECOLI/run2/seq_compare_for_reviewer3/1AKE_output/downloaded_structures/1lw7.cif,0.51017,0.48101
7jpr,results_updated/KAD_ECOLI/run2/seq_compare_for_reviewer3/1AKE_output/downloaded_structures/7jpr.cif,0.34013,0.37355
1lvg,results_updated/KAD_ECOLI/run2/seq_compare_for_reviewer3/1AKE_output/downloaded_structures/1lvg.cif,0.5791,0.55034
1shk,results_updated/KAD_ECOLI/run2/seq_compare_for_reviewer3/1AKE_output/downloaded_structures/1shk.cif,0.54873,0.53211
2vn8,results_updated/KAD_ECOLI/run2/seq_compare_for_reviewer3/1AKE_output/downloaded_structures/2vn8.cif,0.33995,0.34104
2vp9,results_updated/KAD_ECOLI/run2/seq_compare_for_reviewer3/1AKE_output/downloaded_structures/2vp9.cif,0.5704,0.50151
1kdt,results_updated/KAD_ECOLI/run2/seq_compare_for_reviewer3/1AKE_output/downloaded_structures/1kdt.cif,0.61005,0.57394
3qen,results_updated/KAD_ECOLI/run2/seq_compare_for_reviewer3/1AKE_output/downloaded_structures/3qen.cif,0.64444,0.56833
6pwz,results_updated/KAD_ECOLI/run2/seq_compare_for_reviewer3/1AKE_output/downloaded_structures/6pwz.cif,0.59421,0.55705
5ftf,results_updated/KAD_ECOLI/run2/seq_compare_for_reviewer3/1AKE_output/downloaded_structures/5ftf.cif,0.45867,0.49759
2gxa,results_updated/KAD_ECOLI/run2/seq_compare_for_reviewer3/1AKE_output/downloaded_structures/2gxa.cif,0.28249,0.3517
3hdt,results_updated/KAD_ECOLI/run2/seq_compare_for_reviewer3/1AKE_output/downloaded_structures/3hdt.cif,0.53164,0.53686
1p7c,results_updated/KAD_ECOLI/run2/seq_compare_for_reviewer3/1AKE_output/downloaded_structures/1p7c.cif,0.59668,0.53302
2oo7,results_updated/KAD_ECOLI/run2/seq_compare_for_reviewer3/1AKE_output/downloaded_structures/2oo7.cif,0.92976,0.66747
1ko8,results_updated/KAD_ECOLI/run2/seq_compare_for_reviewer3/1AKE_output/downloaded_structures/1ko8.cif,0.60084,0.57198
8esz,results_updated/KAD_ECOLI/run2/seq_compare_for_reviewer3/1AKE_output/downloaded_structures/8esz.cif,0.17951,0.18812
2qm7,results_updated/KAD_ECOLI/run2/seq_compare_for_reviewer3/1AKE_output/downloaded_structures/2qm7.cif,0.44166,0.45481
3eph,results_updated/KAD_ECOLI/run2/seq_compare_for_reviewer3/1AKE_output/downloaded_structures/3eph.cif,0.61241,0.63651
7zbh,results_updated/KAD_ECOLI/run2/seq_compare_for_reviewer3/1AKE_output/downloaded_structures/7zbh.cif,0.38097,0.40658
2jaq,results_updated/KAD_ECOLI/run2/seq_compare_for_reviewer3/1AKE_output/downloaded_structures/2jaq.cif,0.61813,0.53383
4i63,results_updated/KAD_ECOLI/run2/seq_compare_for_reviewer3/1AKE_output/downloaded_structures/4i63.cif,0.36446,0.40232
4ok6,results_updated/KAD_ECOLI/run2/seq_compare_for_reviewer3/1AKE_output/downloaded_structures/4ok6.cif,0.35413,0.38982
3tlx,results_updated/KAD_ECOLI/run2/seq_compare_for_reviewer3/1AKE_output/downloaded_structures/3tlx.cif,0.91997,0.6596
5fhe,results_updated/KAD_ECOLI/run2/seq_compare_for_reviewer3/1AKE_output/downloaded_structures/5fhe.cif,0.46613,0.46016
7ln1,results_updated/KAD_ECOLI/run2/seq_compare_for_reviewer3/1AKE_output/downloaded_structures/7ln1.cif,0.41867,0.48227
5mql,results_updated/KAD_ECOLI/run2/seq_compare_for_reviewer3/1AKE_output/downloaded_structures/5mql.cif,0.63945,0.56904
4typ,results_updated/KAD_ECOLI/run2/seq_compare_for_reviewer3/1AKE_output/downloaded_structures/4typ.cif,0.8248,0.63747
2ak2,results_updated/KAD_ECOLI/run2/seq_compare_for_reviewer3/1AKE_output/downloaded_structures/2ak2.cif,0.7024,0.79633
5vho,results_updated/KAD_ECOLI/run2/seq_compare_for_reviewer3/1AKE_output/downloaded_structures/5vho.cif,0.30216,0.31207
7xrh,results_updated/KAD_ECOLI/run2/seq_compare_for_reviewer3/1AKE_output/downloaded_structures/7xrh.cif,0.47458,0.42854
8b6h,results_updated/KAD_ECOLI/run2/seq_compare_for_reviewer3/1AKE_output/downloaded_structures/8b6h.cif,0.32803,0.32076
1zui,results_updated/KAD_ECOLI/run2/seq_compare_for_reviewer3/1AKE_output/downloaded_structures/1zui.cif,0.56702,0.51895
1e4v,results_updated/KAD_ECOLI/run2/seq_compare_for_reviewer3/1AKE_output/downloaded_structures/1e4v.cif,0.99793,0.68334
1kht,results_updated/KAD_ECOLI/run2/seq_compare_for_reviewer3/1AKE_output/downloaded_structures/1kht.cif,0.57376,0.63941
2feo,results_updated/KAD_ECOLI/run2/seq_compare_for_reviewer3/1AKE_output/downloaded_structures/2feo.cif,0.61477,0.55223
6z1d,results_updated/KAD_ECOLI/run2/seq_compare_for_reviewer3/1AKE_output/downloaded_structures/6z1d.cif,0.38799,0.3961
2l82,results_updated/KAD_ECOLI/run2/seq_compare_for_reviewer3/1AKE_output/downloaded_structures/2l82.cif,0.42166,0.41222
2noa,results_updated/KAD_ECOLI/run2/seq_compare_for_reviewer3/1AKE_output/downloaded_structures/2noa.cif,0.6286,0.56768
6k8u,results_updated/KAD_ECOLI/run2/seq_compare_for_reviewer3/1AKE_output/downloaded_structures/6k8u.cif,0.45126,0.43708
4nzy,results_updated/KAD_ECOLI/run2/seq_compare_for_reviewer3/1AKE_output/downloaded_structures/4nzy.cif,0.61126,0.63084
4qbi,results_updated/KAD_ECOLI/run2/seq_compare_for_reviewer3/1AKE_output/downloaded_structures/4qbi.cif,0.93644,0.66168
4mkh,results_updated/KAD_ECOLI/run2/seq_compare_for_reviewer3/1AKE_output/downloaded_structures/4mkh.cif,0.87137,0.67949
1j90,results_updated/KAD_ECOLI/run2/seq_compare_for_reviewer3/1AKE_output/downloaded_structures/1j90.cif,0.5938,0.51184
1uf9,results_updated/KAD_ECOLI/run2/seq_compare_for_reviewer3/1AKE_output/downloaded_structures/1uf9.cif,0.54934,0.58396
3pvz,results_updated/KAD_ECOLI/run2/seq_compare_for_reviewer3/1AKE_output/downloaded_structures/3pvz.cif,0.4097,0.40321
6jkz,results_updated/KAD_ECOLI/run2/seq_compare_for_reviewer3/1AKE_output/downloaded_structures/6jkz.cif,0.49308,0.48826
2zi6,results_updated/KAD_ECOLI/run2/seq_compare_for_reviewer3/1AKE_output/downloaded_structures/2zi6.cif,0.62365,0.54055
8glv,results_updated/KAD_ECOLI/run2/seq_compare_for_reviewer3/1AKE_output/downloaded_structures/8glv.cif,0.48502,0.45409
4oqm,results_updated/KAD_ECOLI/run2/seq_compare_for_reviewer3/1AKE_output/downloaded_structures/4oqm.cif,0.60558,0.5349
1e6c,results_updated/KAD_ECOLI/run2/seq_compare_for_reviewer3/1AKE_output/downloaded_structures/1e6c.cif,0.51843,0.53392
3cr7,results_updated/KAD_ECOLI/run2/seq_compare_for_reviewer3/1AKE_output/downloaded_structures/3cr7.cif,0.5648,0.53339
8aeq,results_updated/KAD_ECOLI/run2/seq_compare_for_reviewer3/1AKE_output/downloaded_structures/8aeq.cif,0.42799,0.40942
6b50,results_updated/KAD_ECOLI/run2/seq_compare_for_reviewer3/1AKE_output/downloaded_structures/6b50.cif,0.51616,0.53023
1ofi,results_updated/KAD_ECOLI/run2/seq_compare_for_reviewer3/1AKE_output/downloaded_structures/1ofi.cif,0.36832,0.41136
8e8q,results_updated/KAD_ECOLI/run2/seq_compare_for_reviewer3/1AKE_output/downloaded_structures/8e8q.cif,0.35277,0.41753
2v7g,results_updated/KAD_ECOLI/run2/seq_compare_for_reviewer3/1AKE_output/downloaded_structures/2v7g.cif,0.39977,0.44996
4f4j,results_updated/KAD_ECOLI/run2/seq_compare_for_reviewer3/1AKE_output/downloaded_structures/4f4j.cif,0.48922,0.56428
3lh5,results_updated/KAD_ECOLI/run2/seq_compare_for_reviewer3/1AKE_output/downloaded_structures/3lh5.cif,0.48828,0.4843
7qsn,results_updated/KAD_ECOLI/run2/seq_compare_for_reviewer3/1AKE_output/downloaded_structures/7qsn.cif,0.15304,0.1693
6vfx,results_updated/KAD_ECOLI/run2/seq_compare_for_reviewer3/1AKE_output/downloaded_structures/6vfx.cif,0.38278,0.41809
3h0k,results_updated/KAD_ECOLI/run2/seq_compare_for_reviewer3/1AKE_output/downloaded_structures/3h0k.cif,0.62655,0.6163
3rd5,results_updated/KAD_ECOLI/run2/seq_compare_for_reviewer3/1AKE_output/downloaded_structures/3rd5.cif,0.44037,0.42831
4y0a,results_updated/KAD_ECOLI/run2/seq_compare_for_reviewer3/1AKE_output/downloaded_structures/4y0a.cif,0.57338,0.53782
5xak,results_updated/KAD_ECOLI/run2/seq_compare_for_reviewer3/1AKE_output/downloaded_structures/5xak.cif,0.57069,0.54932
5x8c,results_updated/KAD_ECOLI/run2/seq_compare_for_reviewer3/1AKE_output/downloaded_structures/5x8c.cif,0.58165,0.55372
5x6k,results_updated/KAD_ECOLI/run2/seq_compare_for_reviewer3/1AKE_output/downloaded_structures/5x6k.cif,0.79023,0.65234
3ajd,results_updated/KAD_ECOLI/run2/seq_compare_for_reviewer3/1AKE_output/downloaded_structures/3ajd.cif,0.35577,0.33931
4wsi,results_updated/KAD_ECOLI/run2/seq_compare_for_reviewer3/1AKE_output/downloaded_structures/4wsi.cif,0.46423,0.5069
4w5h,results_updated/KAD_ECOLI/run2/seq_compare_for_reviewer3/1AKE_output/downloaded_structures/4w5h.cif,0.65119,0.81817
5ycd,results_updated/KAD_ECOLI/run2/seq_compare_for_reviewer3/1AKE_output/downloaded_structures/5ycd.cif,0.7898,0.65577
2zi4,results_updated/KAD_ECOLI/run2/seq_compare_for_reviewer3/1AKE_output/downloaded_structures/2zi4.cif,0.63253,0.56
1e2g,results_updated/KAD_ECOLI/run2/seq_compare_for_reviewer3/1AKE_output/downloaded_structures/1e2g.cif,0.62536,0.57873
1via,results_updated/KAD_ECOLI/run2/seq_compare_for_reviewer3/1AKE_output/downloaded_structures/1via.cif,0.57056,0.51757
1of1,results_updated/KAD_ECOLI/run2/seq_compare_for_reviewer3/1AKE_output/downloaded_structures/1of1.cif,0.60618,0.53508
2vpp,results_updated/KAD_ECOLI/run2/seq_compare_for_reviewer3/1AKE_output/downloaded_structures/2vpp.cif,0.56997,0.49243
7jk4,results_updated/KAD_ECOLI/run2/seq_compare_for_reviewer3/1AKE_output/downloaded_structures/7jk4.cif,0.34505,0.3555
5t2v,results_updated/KAD_ECOLI/run2/seq_compare_for_reviewer3/1AKE_output/downloaded_structures/5t2v.cif,0.43847,0.42823
6cs8,results_updated/KAD_ECOLI/run2/seq_compare_for_reviewer3/1AKE_output/downloaded_structures/6cs8.cif,0.45443,0.43569
4ko8,results_updated/KAD_ECOLI/run2/seq_compare_for_reviewer3/1AKE_output/downloaded_structures/4ko8.cif,0.35713,0.41845
4e5u,results_updated/KAD_ECOLI/run2/seq_compare_for_reviewer3/1AKE_output/downloaded_structures/4e5u.cif,0.59431,0.56442
1del,results_updated/KAD_ECOLI/run2/seq_compare_for_reviewer3/1AKE_output/downloaded_structures/1del.cif,0.54279,0.54063
2a87,results_updated/KAD_ECOLI/run2/seq_compare_for_reviewer3/1AKE_output/downloaded_structures/2a87.cif,0.3429,0.39812
4jlp,results_updated/KAD_ECOLI/run2/seq_compare_for_reviewer3/1AKE_output/downloaded_structures/4jlp.cif,0.87822,0.64924
4pzl,results_updated/KAD_ECOLI/run2/seq_compare_for_reviewer3/1AKE_output/downloaded_structures/4pzl.cif,0.67906,0.89787
6b4y,results_updated/KAD_ECOLI/run2/seq_compare_for_reviewer3/1AKE_output/downloaded_structures/6b4y.cif,0.51651,0.52971
4qes,results_updated/KAD_ECOLI/run2/seq_compare_for_reviewer3/1AKE_output/downloaded_structures/4qes.cif,0.52504,0.4449
1qhi,results_updated/KAD_ECOLI/run2/seq_compare_for_reviewer3/1AKE_output/downloaded_structures/1qhi.cif,0.59906,0.53046
5x99,results_updated/KAD_ECOLI/run2/seq_compare_for_reviewer3/1AKE_output/downloaded_structures/5x99.cif,0.58461,0.55264
5zb0,results_updated/KAD_ECOLI/run2/seq_compare_for_reviewer3/1AKE_output/downloaded_structures/5zb0.cif,0.57854,0.5514
4lps,results_updated/KAD_ECOLI/run2/seq_compare_for_reviewer3/1AKE_output/downloaded_structures/4lps.cif,0.44083,0.43725
7jpq,results_updated/KAD_ECOLI/run2/seq_compare_for_reviewer3/1AKE_output/downloaded_structures/7jpq.cif,0.31808,0.35089
1tev,results_updated/KAD_ECOLI/run2/seq_compare_for_reviewer3/1AKE_output/downloaded_structures/1tev.cif,0.6848,0.72167
5jzv,results_updated/KAD_ECOLI/run2/seq_compare_for_reviewer3/1AKE_output/downloaded_structures/5jzv.cif,0.58815,0.56685
3r8c,results_updated/KAD_ECOLI/run2/seq_compare_for_reviewer3/1AKE_output/downloaded_structures/3r8c.cif,0.56026,0.52954
6pxl,results_updated/KAD_ECOLI/run2/seq_compare_for_reviewer3/1AKE_output/downloaded_structures/6pxl.cif,0.3845,0.40509
3fdi,results_updated/KAD_ECOLI/run2/seq_compare_for_reviewer3/1AKE_output/downloaded_structures/3fdi.cif,0.50356,0.52418
1vht,results_updated/KAD_ECOLI/run2/seq_compare_for_reviewer3/1AKE_output/downloaded_structures/1vht.cif,0.55957,0.59724
3u7h,results_updated/KAD_ECOLI/run2/seq_compare_for_reviewer3/1AKE_output/downloaded_structures/3u7h.cif,0.4942,0.47115
4x8l,results_updated/KAD_ECOLI/run2/seq_compare_for_reviewer3/1AKE_output/downloaded_structures/4x8l.cif,0.9925,0.68138
1jjv,results_updated/KAD_ECOLI/run2/seq_compare_for_reviewer3/1AKE_output/downloaded_structures/1jjv.cif,0.56091,0.58153
7l5w,results_updated/KAD_ECOLI/run2/seq_compare_for_reviewer3/1AKE_output/downloaded_structures/7l5w.cif,0.42728,0.44796
4cw7,results_updated/KAD_ECOLI/run2/seq_compare_for_reviewer3/1AKE_output/downloaded_structures/4cw7.cif,0.53477,0.55932
5fte,results_updated/KAD_ECOLI/run2/seq_compare_for_reviewer3/1AKE_output/downloaded_structures/5fte.cif,0.46446,0.46308
1ukz,results_updated/KAD_ECOLI/run2/seq_compare_for_reviewer3/1AKE_output/downloaded_structures/1ukz.cif,0.78603,0.65406
7ufp,results_updated/KAD_ECOLI/run2/seq_compare_for_reviewer3/1AKE_output/downloaded_structures/7ufp.cif,0.34101,0.36867
1e98,results_updated/KAD_ECOLI/run2/seq_compare_for_reviewer3/1AKE_output/downloaded_structures/1e98.cif,0.62889,0.59002
1dvr,results_updated/KAD_ECOLI/run2/seq_compare_for_reviewer3/1AKE_output/downloaded_structures/1dvr.cif,0.78633,0.78505
3w8n,results_updated/KAD_ECOLI/run2/seq_compare_for_reviewer3/1AKE_output/downloaded_structures/3w8n.cif,0.54742,0.54925
6b54,results_updated/KAD_ECOLI/run2/seq_compare_for_reviewer3/1AKE_output/downloaded_structures/6b54.cif,0.50824,0.5187
6pp8,results_updated/KAD_ECOLI/run2/seq_compare_for_reviewer3/1AKE_output/downloaded_structures/6pp8.cif,0.37929,0.40753
3r20,results_updated/KAD_ECOLI/run2/seq_compare_for_reviewer3/1AKE_output/downloaded_structures/3r20.cif,0.60998,0.56496
3be4,results_updated/KAD_ECOLI/run2/seq_compare_for_reviewer3/1AKE_output/downloaded_structures/3be4.cif,0.92897,0.63914
6vfs,results_updated/KAD_ECOLI/run2/seq_compare_for_reviewer3/1AKE_output/downloaded_structures/6vfs.cif,0.38274,0.37105
5fhd,results_updated/KAD_ECOLI/run2/seq_compare_for_reviewer3/1AKE_output/downloaded_structures/5fhd.cif,0.45494,0.46776
2ori,results_updated/KAD_ECOLI/run2/seq_compare_for_reviewer3/1AKE_output/downloaded_structures/2ori.cif,0.92786,0.66466
3akd,results_updated/KAD_ECOLI/run2/seq_compare_for_reviewer3/1AKE_output/downloaded_structures/3akd.cif,0.58016,0.5096
7ckj,results_updated/KAD_ECOLI/run2/seq_compare_for_reviewer3/1AKE_output/downloaded_structures/7ckj.cif,0.5919,0.51295
3tsw,results_updated/KAD_ECOLI/run2/seq_compare_for_reviewer3/1AKE_output/downloaded_structures/3tsw.cif,0.4592,0.45205
2c9y,results_updated/KAD_ECOLI/run2/seq_compare_for_reviewer3/1AKE_output/downloaded_structures/2c9y.cif,0.69242,0.81507
6r6g,results_updated/KAD_ECOLI/run2/seq_compare_for_reviewer3/1AKE_output/downloaded_structures/6r6g.cif,0.12836,0.12731
8q41,results_updated/KAD_ECOLI/run2/seq_compare_for_reviewer3/1AKE_output/downloaded_structures/8q41.cif,0.34763,0.32109
3kb2,results_updated/KAD_ECOLI/run2/seq_compare_for_reviewer3/1AKE_output/downloaded_structures/3kb2.cif,0.52787,0.55565
1p73,results_updated/KAD_ECOLI/run2/seq_compare_for_reviewer3/1AKE_output/downloaded_structures/1p73.cif,0.60712,0.55847
1zuh,results_updated/KAD_ECOLI/run2/seq_compare_for_reviewer3/1AKE_output/downloaded_structures/1zuh.cif,0.52292,0.52333
1e2k,results_updated/KAD_ECOLI/run2/seq_compare_for_reviewer3/1AKE_output/downloaded_structures/1e2k.cif,0.60418,0.53279
7x5b,results_updated/KAD_ECOLI/run2/seq_compare_for_reviewer3/1AKE_output/downloaded_structures/7x5b.cif,0.37042,0.41817
8a8h,results_updated/KAD_ECOLI/run2/seq_compare_for_reviewer3/1AKE_output/downloaded_structures/8a8h.cif,0.48534,0.48032
1zak,results_updated/KAD_ECOLI/run2/seq_compare_for_reviewer3/1AKE_output/downloaded_structures/1zak.cif,0.87652,0.65354
3uxm,results_updated/KAD_ECOLI/run2/seq_compare_for_reviewer3/1AKE_output/downloaded_structures/3uxm.cif,0.59214,0.55563
2qgn,results_updated/KAD_ECOLI/run2/seq_compare_for_reviewer3/1AKE_output/downloaded_structures/2qgn.cif,0.56299,0.58737
1t3h,results_updated/KAD_ECOLI/run2/seq_compare_for_reviewer3/1AKE_output/downloaded_structures/1t3h.cif,0.55628,0.5909
3zvn,results_updated/KAD_ECOLI/run2/seq_compare_for_reviewer3/1AKE_output/downloaded_structures/3zvn.cif,0.53838,0.49123
3d3q,results_updated/KAD_ECOLI/run2/seq_compare_for_reviewer3/1AKE_output/downloaded_structures/3d3q.cif,0.55402,0.56773
4qbh,results_updated/KAD_ECOLI/run2/seq_compare_for_reviewer3/1AKE_output/downloaded_structures/4qbh.cif,0.93805,0.65999
1zip,results_updated/KAD_ECOLI/run2/seq_compare_for_reviewer3/1AKE_output/downloaded_structures/1zip.cif,0.88514,0.68409
7owh,results_updated/KAD_ECOLI/run2/seq_compare_for_reviewer3/1AKE_output/downloaded_structures/7owh.cif,0.58741,0.60841
8a25,results_updated/KAD_ECOLI/run2/seq_compare_for_reviewer3/1AKE_output/downloaded_structures/8a25.cif,0.47669,0.46109
4mkg,results_updated/KAD_ECOLI/run2/seq_compare_for_reviewer3/1AKE_output/downloaded_structures/4mkg.cif,0.93446,0.6653
6mat,results_updated/KAD_ECOLI/run2/seq_compare_for_reviewer3/1AKE_output/downloaded_structures/6mat.cif,0.33848,0.41444
5xru,results_updated/KAD_ECOLI/run2/seq_compare_for_reviewer3/1AKE_output/downloaded_structures/5xru.cif,0.792,0.65271
4i81,results_updated/KAD_ECOLI/run2/seq_compare_for_reviewer3/1AKE_output/downloaded_structures/4i81.cif,0.3566,0.41892
4zo4,results_updated/KAD_ECOLI/run2/seq_compare_for_reviewer3/1AKE_output/downloaded_structures/4zo4.cif,0.48216,0.52271
3t61,results_updated/KAD_ECOLI/run2/seq_compare_for_reviewer3/1AKE_output/downloaded_structures/3t61.cif,0.59399,0.54029
8b0j,results_updated/KAD_ECOLI/run2/seq_compare_for_reviewer3/1AKE_output/downloaded_structures/8b0j.cif,0.50583,0.52271
1rkb,results_updated/KAD_ECOLI/run2/seq_compare_for_reviewer3/1AKE_output/downloaded_structures/1rkb.cif,0.58932,0.56468
6bds,results_updated/KAD_ECOLI/run2/seq_compare_for_reviewer3/1AKE_output/downloaded_structures/6bds.cif,0.51614,0.52976
2zi5,results_updated/KAD_ECOLI/run2/seq_compare_for_reviewer3/1AKE_output/downloaded_structures/2zi5.cif,0.62636,0.5546
2p5t,results_updated/KAD_ECOLI/run2/seq_compare_for_reviewer3/1AKE_output/downloaded_structures/2p5t.cif,0.09082,0.08366
1ki7,results_updated/KAD_ECOLI/run2/seq_compare_for_reviewer3/1AKE_output/downloaded_structures/1ki7.cif,0.60003,0.52996
7sxo,results_updated/KAD_ECOLI/run2/seq_compare_for_reviewer3/1AKE_output/downloaded_structures/7sxo.cif,0.37983,0.38491
2cdn,results_updated/KAD_ECOLI/run2/seq_compare_for_reviewer3/1AKE_output/downloaded_structures/2cdn.cif,0.78868,0.63738
4e22,results_updated/KAD_ECOLI/run2/seq_compare_for_reviewer3/1AKE_output/downloaded_structures/4e22.cif,0.57264,0.54915
2ia5,results_updated/KAD_ECOLI/run2/seq_compare_for_reviewer3/1AKE_output/downloaded_structures/2ia5.cif,0.51428,0.46787
4oql,results_updated/KAD_ECOLI/run2/seq_compare_for_reviewer3/1AKE_output/downloaded_structures/4oql.cif,0.60718,0.53304
2f6r,results_updated/KAD_ECOLI/run2/seq_compare_for_reviewer3/1AKE_output/downloaded_structures/2f6r.cif,0.60458,0.60703
3w90,results_updated/KAD_ECOLI/run2/seq_compare_for_reviewer3/1AKE_output/downloaded_structures/3w90.cif,0.56285,0.56488
2h92,results_updated/KAD_ECOLI/run2/seq_compare_for_reviewer3/1AKE_output/downloaded_structures/2h92.cif,0.61422,0.5442
3w8r,results_updated/KAD_ECOLI/run2/seq_compare_for_reviewer3/1AKE_output/downloaded_structures/3w8r.cif,0.60825,0.55649
7x7s,results_updated/KAD_ECOLI/run2/seq_compare_for_reviewer3/1AKE_output/downloaded_structures/7x7s.cif,0.62812,0.62844
3iim,results_updated/KAD_ECOLI/run2/seq_compare_for_reviewer3/1AKE_output/downloaded_structures/3iim.cif,0.59042,0.56362
2jat,results_updated/KAD_ECOLI/run2/seq_compare_for_reviewer3/1AKE_output/downloaded_structures/2jat.cif,0.62193,0.53433
4k46,results_updated/KAD_ECOLI/run2/seq_compare_for_reviewer3/1AKE_output/downloaded_structures/4k46.cif,0.97275,0.6871
3umf,results_updated/KAD_ECOLI/run2/seq_compare_for_reviewer3/1AKE_output/downloaded_structures/3umf.cif,0.62658,0.73574
3fb4,results_updated/KAD_ECOLI/run2/seq_compare_for_reviewer3/1AKE_output/downloaded_structures/3fb4.cif,0.92465,0.67116
3o9z,results_updated/KAD_ECOLI/run2/seq_compare_for_reviewer3/1AKE_output/downloaded_structures/3o9z.cif,0.38223,0.37394
5x6j,results_updated/KAD_ECOLI/run2/seq_compare_for_reviewer3/1AKE_output/downloaded_structures/5x6j.cif,0.93146,0.66433
7yq1,results_updated/KAD_ECOLI/run2/seq_compare_for_reviewer3/1AKE_output/downloaded_structures/7yq1.cif,0.57253,0.52587
8bqf,results_updated/KAD_ECOLI/run2/seq_compare_for_reviewer3/1AKE_output/downloaded_structures/8bqf.cif,0.97095,0.66435
4xru,results_updated/KAD_ECOLI/run2/seq_compare_for_reviewer3/1AKE_output/downloaded_structures/4xru.cif,0.46711,0.44208
3dl0,results_updated/KAD_ECOLI/run2/seq_compare_for_reviewer3/1AKE_output/downloaded_structures/3dl0.cif,0.90652,0.67132
2bdt,results_updated/KAD_ECOLI/run2/seq_compare_for_reviewer3/1AKE_output/downloaded_structures/2bdt.cif,0.56709,0.56414
5ycc,results_updated/KAD_ECOLI/run2/seq_compare_for_reviewer3/1AKE_output/downloaded_structures/5ycc.cif,0.79083,0.65328
3zn8,results_updated/KAD_ECOLI/run2/seq_compare_for_reviewer3/1AKE_output/downloaded_structures/3zn8.cif,0.42022,0.43182
8dv0,results_updated/KAD_ECOLI/run2/seq_compare_for_reviewer3/1AKE_output/downloaded_structures/8dv0.cif,0.61624,0.5569
1e2f,results_updated/KAD_ECOLI/run2/seq_compare_for_reviewer3/1AKE_output/downloaded_structures/1e2f.cif,0.63173,0.59332
1p3j,results_updated/KAD_ECOLI/run2/seq_compare_for_reviewer3/1AKE_output/downloaded_structures/1p3j.cif,0.93235,0.65699
2zm5,results_updated/KAD_ECOLI/run2/seq_compare_for_reviewer3/1AKE_output/downloaded_structures/2zm5.cif,0.56742,0.59058
2no7,results_updated/KAD_ECOLI/run2/seq_compare_for_reviewer3/1AKE_output/downloaded_structures/2no7.cif,0.63134,0.56618
1e4y,results_updated/KAD_ECOLI/run2/seq_compare_for_reviewer3/1AKE_output/downloaded_structures/1e4y.cif,0.97324,0.68443
3n2e,results_updated/KAD_ECOLI/run2/seq_compare_for_reviewer3/1AKE_output/downloaded_structures/3n2e.cif,0.55474,0.5269
5g3z,results_updated/KAD_ECOLI/run2/seq_compare_for_reviewer3/1AKE_output/downloaded_structures/5g3z.cif,0.91633,0.66414
6ham,results_updated/KAD_ECOLI/run2/seq_compare_for_reviewer3/1AKE_output/downloaded_structures/6ham.cif,0.97946,0.67875
7jk3,results_updated/KAD_ECOLI/run2/seq_compare_for_reviewer3/1AKE_output/downloaded_structures/7jk3.cif,0.35998,0.35326
1e9f,results_updated/KAD_ECOLI/run2/seq_compare_for_reviewer3/1AKE_output/downloaded_structures/1e9f.cif,0.61253,0.57488
6n55,results_updated/KAD_ECOLI/run2/seq_compare_for_reviewer3/1AKE_output/downloaded_structures/6n55.cif,0.58865,0.54963
7uix,results_updated/KAD_ECOLI/run2/seq_compare_for_reviewer3/1AKE_output/downloaded_structures/7uix.cif,0.38069,0.41846
7de3,results_updated/KAD_ECOLI/run2/seq_compare_for_reviewer3/1AKE_output/downloaded_structures/7de3.cif,0.62172,0.72504
1cke,results_updated/KAD_ECOLI/run2/seq_compare_for_reviewer3/1AKE_output/downloaded_structures/1cke.cif,0.5622,0.54619
2a2z,results_updated/KAD_ECOLI/run2/seq_compare_for_reviewer3/1AKE_output/downloaded_structures/2a2z.cif,0.62851,0.55213
7owl,results_updated/KAD_ECOLI/run2/seq_compare_for_reviewer3/1AKE_output/downloaded_structures/7owl.cif,0.57846,0.60468
1vtk,results_updated/KAD_ECOLI/run2/seq_compare_for_reviewer3/1AKE_output/downloaded_structures/1vtk.cif,0.61205,0.54445
2jcs,results_updated/KAD_ECOLI/run2/seq_compare_for_reviewer3/1AKE_output/downloaded_structures/2jcs.cif,0.57264,0.48601
6b4x,results_updated/KAD_ECOLI/run2/seq_compare_for_reviewer3/1AKE_output/downloaded_structures/6b4x.cif,0.51678,0.53052
4ttr,results_updated/KAD_ECOLI/run2/seq_compare_for_reviewer3/1AKE_output/downloaded_structures/4ttr.cif,0.59682,0.60647
6s36,results_updated/KAD_ECOLI/run2/seq_compare_for_reviewer3/1AKE_output/downloaded_structures/6s36.cif,0.69174,0.98764
7jpp,results_updated/KAD_ECOLI/run2/seq_compare_for_reviewer3/1AKE_output/downloaded_structures/7jpp.cif,0.25152,0.21988
1ki2,results_updated/KAD_ECOLI/run2/seq_compare_for_reviewer3/1AKE_output/downloaded_structures/1ki2.cif,0.60337,0.53418
6pxk,results_updated/KAD_ECOLI/run2/seq_compare_for_reviewer3/1AKE_output/downloaded_structures/6pxk.cif,0.38456,0.40826
3rdp,results_updated/KAD_ECOLI/run2/seq_compare_for_reviewer3/1AKE_output/downloaded_structures/3rdp.cif,0.59517,0.52628
4jbx,results_updated/KAD_ECOLI/run2/seq_compare_for_reviewer3/1AKE_output/downloaded_structures/4jbx.cif,0.5951,0.52281
4q19,results_updated/KAD_ECOLI/run2/seq_compare_for_reviewer3/1AKE_output/downloaded_structures/4q19.cif,0.64275,0.5665
3u7g,results_updated/KAD_ECOLI/run2/seq_compare_for_reviewer3/1AKE_output/downloaded_structures/3u7g.cif,0.52205,0.48269
4d80,results_updated/KAD_ECOLI/run2/seq_compare_for_reviewer3/1AKE_output/downloaded_structures/4d80.cif,0.39793,0.46691
3x2s,results_updated/KAD_ECOLI/run2/seq_compare_for_reviewer3/1AKE_output/downloaded_structures/3x2s.cif,0.9878,0.68667
2dft,results_updated/KAD_ECOLI/run2/seq_compare_for_reviewer3/1AKE_output/downloaded_structures/2dft.cif,0.54955,0.54965
8aet,results_updated/KAD_ECOLI/run2/seq_compare_for_reviewer3/1AKE_output/downloaded_structures/8aet.cif,0.45916,0.44958
6wsg,results_updated/KAD_ECOLI/run2/seq_compare_for_reviewer3/1AKE_output/downloaded_structures/6wsg.cif,0.33194,0.39388
7xwy,results_updated/KAD_ECOLI/run2/seq_compare_for_reviewer3/1AKE_output/downloaded_structures/7xwy.cif,0.31205,0.37554
4i34,results_updated/KAD_ECOLI/run2/seq_compare_for_reviewer3/1AKE_output/downloaded_structures/4i34.cif,0.38783,0.42526
1nks,results_updated/KAD_ECOLI/run2/seq_compare_for_reviewer3/1AKE_output/downloaded_structures/1nks.cif,0.55798,0.62211
6ybh,results_updated/KAD_ECOLI/run2/seq_compare_for_reviewer3/1AKE_output/downloaded_structures/6ybh.cif,0.60336,0.5312
4ivr,results_updated/KAD_ECOLI/run2/seq_compare_for_reviewer3/1AKE_output/downloaded_structures/4ivr.cif,0.60418,0.54251
3akc,results_updated/KAD_ECOLI/run2/seq_compare_for_reviewer3/1AKE_output/downloaded_structures/3akc.cif,0.60486,0.52491
7v2c,results_updated/KAD_ECOLI/run2/seq_compare_for_reviewer3/1AKE_output/downloaded_structures/7v2c.cif,0.31632,0.30512
8et3,results_updated/KAD_ECOLI/run2/seq_compare_for_reviewer3/1AKE_output/downloaded_structures/8et3.cif,0.34293,0.41075
5xj1,results_updated/KAD_ECOLI/run2/seq_compare_for_reviewer3/1AKE_output/downloaded_structures/5xj1.cif,0.32662,0.31915
3l0p,results_updated/KAD_ECOLI/run2/seq_compare_for_reviewer3/1AKE_output/downloaded_structures/3l0p.cif,0.69007,0.80595
1e2j,results_updated/KAD_ECOLI/run2/seq_compare_for_reviewer3/1AKE_output/downloaded_structures/1e2j.cif,0.60484,0.53543
1kgd,results_updated/KAD_ECOLI/run2/seq_compare_for_reviewer3/1AKE_output/downloaded_structures/1kgd.cif,0.47264,0.50431
1rrc,results_updated/KAD_ECOLI/run2/seq_compare_for_reviewer3/1AKE_output/downloaded_structures/1rrc.cif,0.49955,0.44976
1p4s,results_updated/KAD_ECOLI/run2/seq_compare_for_reviewer3/1AKE_output/downloaded_structures/1p4s.cif,0.66701,0.60508
6zka,results_updated/KAD_ECOLI/run2/seq_compare_for_reviewer3/1AKE_output/downloaded_structures/6zka.cif,0.16246,0.15517
2fem,results_updated/KAD_ECOLI/run2/seq_compare_for_reviewer3/1AKE_output/downloaded_structures/2fem.cif,0.56256,0.54526
8unf,results_updated/KAD_ECOLI/run2/seq_compare_for_reviewer3/1AKE_output/downloaded_structures/8unf.cif,0.26308,0.30658
6sfw,results_updated/KAD_ECOLI/run2/seq_compare_for_reviewer3/1AKE_output/downloaded_structures/6sfw.cif,0.39213,0.39754
7xyf,results_updated/KAD_ECOLI/run2/seq_compare_for_reviewer3/1AKE_output/downloaded_structures/7xyf.cif,0.15912,0.19201
3uie,results_updated/KAD_ECOLI/run2/seq_compare_for_reviewer3/1AKE_output/downloaded_structures/3uie.cif,0.56419,0.52412
3nwj,results_updated/KAD_ECOLI/run2/seq_compare_for_reviewer3/1AKE_output/downloaded_structures/3nwj.cif,0.55154,0.56063
4qbg,results_updated/KAD_ECOLI/run2/seq_compare_for_reviewer3/1AKE_output/downloaded_structures/4qbg.cif,0.85196,0.69427
4mkf,results_updated/KAD_ECOLI/run2/seq_compare_for_reviewer3/1AKE_output/downloaded_structures/4mkf.cif,0.93032,0.66234
2qp9,results_updated/KAD_ECOLI/run2/seq_compare_for_reviewer3/1AKE_output/downloaded_structures/2qp9.cif,0.41033,0.44549
2jj8,results_updated/KAD_ECOLI/run2/seq_compare_for_reviewer3/1AKE_output/downloaded_structures/2jj8.cif,0.53198,0.49565
7liu,results_updated/KAD_ECOLI/run2/seq_compare_for_reviewer3/1AKE_output/downloaded_structures/7liu.cif,0.40259,0.42375
4i4l,results_updated/KAD_ECOLI/run2/seq_compare_for_reviewer3/1AKE_output/downloaded_structures/4i4l.cif,0.35221,0.40629
2eu8,results_updated/KAD_ECOLI/run2/seq_compare_for_reviewer3/1AKE_output/downloaded_structures/2eu8.cif,0.92738,0.66507
2osb,results_updated/KAD_ECOLI/run2/seq_compare_for_reviewer3/1AKE_output/downloaded_structures/2osb.cif,0.92674,0.66234
1ly1,results_updated/KAD_ECOLI/run2/seq_compare_for_reviewer3/1AKE_output/downloaded_structures/1ly1.cif,0.51218,0.4687
3w34,results_updated/KAD_ECOLI/run2/seq_compare_for_reviewer3/1AKE_output/downloaded_structures/3w34.cif,0.60849,0.55564
8b2j,results_updated/KAD_ECOLI/run2/seq_compare_for_reviewer3/1AKE_output/downloaded_structures/8b2j.cif,0.29735,0.306
6bdr,results_updated/KAD_ECOLI/run2/seq_compare_for_reviewer3/1AKE_output/downloaded_structures/6bdr.cif,0.51461,0.5305
5xbh,results_updated/KAD_ECOLI/run2/seq_compare_for_reviewer3/1AKE_output/downloaded_structures/5xbh.cif,0.62406,0.59021
1ki6,results_updated/KAD_ECOLI/run2/seq_compare_for_reviewer3/1AKE_output/downloaded_structures/1ki6.cif,0.60387,0.53328
2ocp,results_updated/KAD_ECOLI/run2/seq_compare_for_reviewer3/1AKE_output/downloaded_structures/2ocp.cif,0.62,0.55515
1z83,results_updated/KAD_ECOLI/run2/seq_compare_for_reviewer3/1AKE_output/downloaded_structures/1z83.cif,0.78645,0.64666
2g1j,results_updated/KAD_ECOLI/run2/seq_compare_for_reviewer3/1AKE_output/downloaded_structures/2g1j.cif,0.53841,0.56233
1z6g,results_updated/KAD_ECOLI/run2/seq_compare_for_reviewer3/1AKE_output/downloaded_structures/1z6g.cif,0.55907,0.57196
6zjb,results_updated/KAD_ECOLI/run2/seq_compare_for_reviewer3/1AKE_output/downloaded_structures/6zjb.cif,0.90302,0.63551
1rpz,results_updated/KAD_ECOLI/run2/seq_compare_for_reviewer3/1AKE_output/downloaded_structures/1rpz.cif,0.50175,0.45027
4x8o,results_updated/KAD_ECOLI/run2/seq_compare_for_reviewer3/1AKE_output/downloaded_structures/4x8o.cif,0.99303,0.68284
5h56,results_updated/KAD_ECOLI/run2/seq_compare_for_reviewer3/1AKE_output/downloaded_structures/5h56.cif,0.62234,0.58485
2zia,results_updated/KAD_ECOLI/run2/seq_compare_for_reviewer3/1AKE_output/downloaded_structures/2zia.cif,0.62367,0.54128
2a30,results_updated/KAD_ECOLI/run2/seq_compare_for_reviewer3/1AKE_output/downloaded_structures/2a30.cif,0.62187,0.55854
1ko1,results_updated/KAD_ECOLI/run2/seq_compare_for_reviewer3/1AKE_output/downloaded_structures/1ko1.cif,0.58804,0.54051
2no0,results_updated/KAD_ECOLI/run2/seq_compare_for_reviewer3/1AKE_output/downloaded_structures/2no0.cif,0.63499,0.56823
8h0c,results_updated/KAD_ECOLI/run2/seq_compare_for_reviewer3/1AKE_output/downloaded_structures/8h0c.cif,0.49469,0.48515
3muf,results_updated/KAD_ECOLI/run2/seq_compare_for_reviewer3/1AKE_output/downloaded_structures/3muf.cif,0.56977,0.52778
2jas,results_updated/KAD_ECOLI/run2/seq_compare_for_reviewer3/1AKE_output/downloaded_structures/2jas.cif,0.62984,0.54857
5hci,results_updated/KAD_ECOLI/run2/seq_compare_for_reviewer3/1AKE_output/downloaded_structures/5hci.cif,0.50847,0.5025
2iyr,results_updated/KAD_ECOLI/run2/seq_compare_for_reviewer3/1AKE_output/downloaded_structures/2iyr.cif,0.54774,0.56239
6kww,results_updated/KAD_ECOLI/run2/seq_compare_for_reviewer3/1AKE_output/downloaded_structures/6kww.cif,0.38483,0.39968
3hr7,results_updated/KAD_ECOLI/run2/seq_compare_for_reviewer3/1AKE_output/downloaded_structures/3hr7.cif,0.51296,0.51087
2plr,results_updated/KAD_ECOLI/run2/seq_compare_for_reviewer3/1AKE_output/downloaded_structures/2plr.cif,0.61058,0.62825
4i1u,results_updated/KAD_ECOLI/run2/seq_compare_for_reviewer3/1AKE_output/downloaded_structures/4i1u.cif,0.61017,0.57932
8u97,results_updated/KAD_ECOLI/run2/seq_compare_for_reviewer3/1AKE_output/downloaded_structures/8u97.cif,0.531,0.52634
5fhg,results_updated/KAD_ECOLI/run2/seq_compare_for_reviewer3/1AKE_output/downloaded_structures/5fhg.cif,0.46379,0.4911
7ln3,results_updated/KAD_ECOLI/run2/seq_compare_for_reviewer3/1AKE_output/downloaded_structures/7ln3.cif,0.4195,0.48466
4np6,results_updated/KAD_ECOLI/run2/seq_compare_for_reviewer3/1AKE_output/downloaded_structures/4np6.cif,0.67412,0.8829
2a7q,results_updated/KAD_ECOLI/run2/seq_compare_for_reviewer3/1AKE_output/downloaded_structures/2a7q.cif,0.63671,0.56513
3ndp,results_updated/KAD_ECOLI/run2/seq_compare_for_reviewer3/1AKE_output/downloaded_structures/3ndp.cif,0.67669,0.61078
2qt0,results_updated/KAD_ECOLI/run2/seq_compare_for_reviewer3/1AKE_output/downloaded_structures/2qt0.cif,0.60503,0.54539
7zia,results_updated/KAD_ECOLI/run2/seq_compare_for_reviewer3/1AKE_output/downloaded_structures/7zia.cif,0.63763,0.56974
2jgn,results_updated/KAD_ECOLI/run2/seq_compare_for_reviewer3/1AKE_output/downloaded_structures/2jgn.cif,0.34,0.33676
5x6i,results_updated/KAD_ECOLI/run2/seq_compare_for_reviewer3/1AKE_output/downloaded_structures/5x6i.cif,0.93638,0.6569
5x8j,results_updated/KAD_ECOLI/run2/seq_compare_for_reviewer3/1AKE_output/downloaded_structures/5x8j.cif,0.5686,0.54699
3f9i,results_updated/KAD_ECOLI/run2/seq_compare_for_reviewer3/1AKE_output/downloaded_structures/3f9i.cif,0.43222,0.42432
3hte,results_updated/KAD_ECOLI/run2/seq_compare_for_reviewer3/1AKE_output/downloaded_structures/3hte.cif,0.38974,0.38303
7nku,results_updated/KAD_ECOLI/run2/seq_compare_for_reviewer3/1AKE_output/downloaded_structures/7nku.cif,0.39974,0.48085
5ycb,results_updated/KAD_ECOLI/run2/seq_compare_for_reviewer3/1AKE_output/downloaded_structures/5ycb.cif,0.79105,0.65365
3aky,results_updated/KAD_ECOLI/run2/seq_compare_for_reviewer3/1AKE_output/downloaded_structures/3aky.cif,0.93126,0.66566
4jyb,results_updated/KAD_ECOLI/run2/seq_compare_for_reviewer3/1AKE_output/downloaded_structures/4jyb.cif,0.44146,0.45979
1e2n,results_updated/KAD_ECOLI/run2/seq_compare_for_reviewer3/1AKE_output/downloaded_structures/1e2n.cif,0.60383,0.53195
7tdo,results_updated/KAD_ECOLI/run2/seq_compare_for_reviewer3/1AKE_output/downloaded_structures/7tdo.cif,0.38083,0.37609
7l4a,results_updated/KAD_ECOLI/run2/seq_compare_for_reviewer3/1AKE_output/downloaded_structures/7l4a.cif,0.59717,0.56028
1vhl,results_updated/KAD_ECOLI/run2/seq_compare_for_reviewer3/1AKE_output/downloaded_structures/1vhl.cif,0.561,0.59707
2no6,results_updated/KAD_ECOLI/run2/seq_compare_for_reviewer3/1AKE_output/downloaded_structures/2no6.cif,0.62884,0.56814
8a8t,results_updated/KAD_ECOLI/run2/seq_compare_for_reviewer3/1AKE_output/downloaded_structures/8a8t.cif,0.42826,0.43206
2vqs,results_updated/KAD_ECOLI/run2/seq_compare_for_reviewer3/1AKE_output/downloaded_structures/2vqs.cif,0.52353,0.4867
5g3y,results_updated/KAD_ECOLI/run2/seq_compare_for_reviewer3/1AKE_output/downloaded_structures/5g3y.cif,0.94046,0.64742
6l3g,results_updated/KAD_ECOLI/run2/seq_compare_for_reviewer3/1AKE_output/downloaded_structures/6l3g.cif,0.45211,0.45833
2lrh,results_updated/KAD_ECOLI/run2/seq_compare_for_reviewer3/1AKE_output/downloaded_structures/2lrh.cif,0.40402,0.40441
6z1f,results_updated/KAD_ECOLI/run2/seq_compare_for_reviewer3/1AKE_output/downloaded_structures/6z1f.cif,0.39018,0.40846
3hjn,results_updated/KAD_ECOLI/run2/seq_compare_for_reviewer3/1AKE_output/downloaded_structures/3hjn.cif,0.61096,0.57423
7uiw,results_updated/KAD_ECOLI/run2/seq_compare_for_reviewer3/1AKE_output/downloaded_structures/7uiw.cif,0.38715,0.39949
1zm7,results_updated/KAD_ECOLI/run2/seq_compare_for_reviewer3/1AKE_output/downloaded_structures/1zm7.cif,0.5703,0.48308
3gmt,results_updated/KAD_ECOLI/run2/seq_compare_for_reviewer3/1AKE_output/downloaded_structures/3gmt.cif,0.54627,0.76646
3kfv,results_updated/KAD_ECOLI/run2/seq_compare_for_reviewer3/1AKE_output/downloaded_structures/3kfv.cif,0.46678,0.43897
6c2v,results_updated/KAD_ECOLI/run2/seq_compare_for_reviewer3/1AKE_output/downloaded_structures/6c2v.cif,0.32238,0.32659
5eje,results_updated/KAD_ECOLI/run2/seq_compare_for_reviewer3/1AKE_output/downloaded_structures/5eje.cif,0.99403,0.6865
7owk,results_updated/KAD_ECOLI/run2/seq_compare_for_reviewer3/1AKE_output/downloaded_structures/7owk.cif,0.55808,0.58896
5mqt,results_updated/KAD_ECOLI/run2/seq_compare_for_reviewer3/1AKE_output/downloaded_structures/5mqt.cif,0.64209,0.57084
3tmk,results_updated/KAD_ECOLI/run2/seq_compare_for_reviewer3/1AKE_output/downloaded_structures/3tmk.cif,0.63754,0.57797
1u8a,results_updated/KAD_ECOLI/run2/seq_compare_for_reviewer3/1AKE_output/downloaded_structures/1u8a.cif,0.56673,0.53875
3pvs,results_updated/KAD_ECOLI/run2/seq_compare_for_reviewer3/1AKE_output/downloaded_structures/3pvs.cif,0.35791,0.37152
3hpr,results_updated/KAD_ECOLI/run2/seq_compare_for_reviewer3/1AKE_output/downloaded_structures/3hpr.cif,0.99687,0.68117
7jpo,results_updated/KAD_ECOLI/run2/seq_compare_for_reviewer3/1AKE_output/downloaded_structures/7jpo.cif,0.34134,0.37012
5c1b,results_updated/KAD_ECOLI/run2/seq_compare_for_reviewer3/1AKE_output/downloaded_structures/5c1b.cif,0.39532,0.47432
1e32,results_updated/KAD_ECOLI/run2/seq_compare_for_reviewer3/1AKE_output/downloaded_structures/1e32.cif,0.38606,0.40514
2vp6,results_updated/KAD_ECOLI/run2/seq_compare_for_reviewer3/1AKE_output/downloaded_structures/2vp6.cif,0.5725,0.50019
6ln3,results_updated/KAD_ECOLI/run2/seq_compare_for_reviewer3/1AKE_output/downloaded_structures/6ln3.cif,0.63237,0.60453
7ksm,results_updated/KAD_ECOLI/run2/seq_compare_for_reviewer3/1AKE_output/downloaded_structures/7ksm.cif,0.34016,0.39208
6hqv,results_updated/KAD_ECOLI/run2/seq_compare_for_reviewer3/1AKE_output/downloaded_structures/6hqv.cif,0.53499,0.51946
2aky,results_updated/KAD_ECOLI/run2/seq_compare_for_reviewer3/1AKE_output/downloaded_structures/2aky.cif,0.93862,0.66533
4cvn,results_updated/KAD_ECOLI/run2/seq_compare_for_reviewer3/1AKE_output/downloaded_structures/4cvn.cif,0.53321,0.55933
1ko5,results_updated/KAD_ECOLI/run2/seq_compare_for_reviewer3/1AKE_output/downloaded_structures/1ko5.cif,0.59711,0.58656
6uux,results_updated/KAD_ECOLI/run2/seq_compare_for_reviewer3/1AKE_output/downloaded_structures/6uux.cif,0.51608,0.53193
6n39,results_updated/KAD_ECOLI/run2/seq_compare_for_reviewer3/1AKE_output/downloaded_structures/6n39.cif,0.53914,0.55765
6b52,results_updated/KAD_ECOLI/run2/seq_compare_for_reviewer3/1AKE_output/downloaded_structures/6b52.cif,0.51141,0.52148
6pp6,results_updated/KAD_ECOLI/run2/seq_compare_for_reviewer3/1AKE_output/downloaded_structures/6pp6.cif,0.36835,0.4079
8dar,results_updated/KAD_ECOLI/run2/seq_compare_for_reviewer3/1AKE_output/downloaded_structures/8dar.cif,0.40601,0.46926
2rgx,results_updated/KAD_ECOLI/run2/seq_compare_for_reviewer3/1AKE_output/downloaded_structures/2rgx.cif,0.86765,0.63359
2xx3,results_updated/KAD_ECOLI/run2/seq_compare_for_reviewer3/1AKE_output/downloaded_structures/2xx3.cif,0.61299,0.59463
3adk,results_updated/KAD_ECOLI/run2/seq_compare_for_reviewer3/1AKE_output/downloaded_structures/3adk.cif,0.70964,0.71653
2iyv,results_updated/KAD_ECOLI/run2/seq_compare_for_reviewer3/1AKE_output/downloaded_structures/2iyv.cif,0.55398,0.56353
4rh7,results_updated/KAD_ECOLI/run2/seq_compare_for_reviewer3/1AKE_output/downloaded_structures/4rh7.cif,0.40343,0.41408
4qgg,results_updated/KAD_ECOLI/run2/seq_compare_for_reviewer3/1AKE_output/downloaded_structures/4qgg.cif,0.58464,0.58587
2gks,results_updated/KAD_ECOLI/run2/seq_compare_for_reviewer3/1AKE_output/downloaded_structures/2gks.cif,0.5569,0.51677
4loa,results_updated/KAD_ECOLI/run2/seq_compare_for_reviewer3/1AKE_output/downloaded_structures/4loa.cif,0.52741,0.51482
2p3s,results_updated/KAD_ECOLI/run2/seq_compare_for_reviewer3/1AKE_output/downloaded_structures/2p3s.cif,0.94121,0.66261
3exa,results_updated/KAD_ECOLI/run2/seq_compare_for_reviewer3/1AKE_output/downloaded_structures/3exa.cif,0.56392,0.58778
1uei,results_updated/KAD_ECOLI/run2/seq_compare_for_reviewer3/1AKE_output/downloaded_structures/1uei.cif,0.59102,0.55165
2tmk,results_updated/KAD_ECOLI/run2/seq_compare_for_reviewer3/1AKE_output/downloaded_structures/2tmk.cif,0.59881,0.56596
3ipy,results_updated/KAD_ECOLI/run2/seq_compare_for_reviewer3/1AKE_output/downloaded_structures/3ipy.cif,0.63467,0.5667
6s3h,results_updated/KAD_ECOLI/run2/seq_compare_for_reviewer3/1AKE_output/downloaded_structures/6s3h.cif,0.3996,0.45662
4nu0,results_updated/KAD_ECOLI/run2/seq_compare_for_reviewer3/1AKE_output/downloaded_structures/4nu0.cif,0.89772,0.65372
4w5j,results_updated/KAD_ECOLI/run2/seq_compare_for_reviewer3/1AKE_output/downloaded_structures/4w5j.cif,0.89711,0.65627
5ycf,results_updated/KAD_ECOLI/run2/seq_compare_for_reviewer3/1AKE_output/downloaded_structures/5ycf.cif,0.77784,0.64765
2grj,results_updated/KAD_ECOLI/run2/seq_compare_for_reviewer3/1AKE_output/downloaded_structures/2grj.cif,0.56616,0.5357
1kim,results_updated/KAD_ECOLI/run2/seq_compare_for_reviewer3/1AKE_output/downloaded_structures/1kim.cif,0.60133,0.53065
4q1b,results_updated/KAD_ECOLI/run2/seq_compare_for_reviewer3/1AKE_output/downloaded_structures/4q1b.cif,0.6384,0.56849
6gyf,results_updated/KAD_ECOLI/run2/seq_compare_for_reviewer3/1AKE_output/downloaded_structures/6gyf.cif,0.56421,0.50675
6hap,results_updated/KAD_ECOLI/run2/seq_compare_for_reviewer3/1AKE_output/downloaded_structures/6hap.cif,0.95374,0.68818
3mrs,results_updated/KAD_ECOLI/run2/seq_compare_for_reviewer3/1AKE_output/downloaded_structures/3mrs.cif,0.53268,0.48428
6pjw,results_updated/KAD_ECOLI/run2/seq_compare_for_reviewer3/1AKE_output/downloaded_structures/6pjw.cif,0.63357,0.61018
7jk6,results_updated/KAD_ECOLI/run2/seq_compare_for_reviewer3/1AKE_output/downloaded_structures/7jk6.cif,0.34652,0.39615
7n6g,results_updated/KAD_ECOLI/run2/seq_compare_for_reviewer3/1AKE_output/downloaded_structures/7n6g.cif,0.31048,0.30493
7mdm,results_updated/KAD_ECOLI/run2/seq_compare_for_reviewer3/1AKE_output/downloaded_structures/7mdm.cif,0.39546,0.4612
8u0v,results_updated/KAD_ECOLI/run2/seq_compare_for_reviewer3/1AKE_output/downloaded_structures/8u0v.cif,0.39301,0.46802
4qbf,results_updated/KAD_ECOLI/run2/seq_compare_for_reviewer3/1AKE_output/downloaded_structures/4qbf.cif,0.87605,0.68871
5c19,results_updated/KAD_ECOLI/run2/seq_compare_for_reviewer3/1AKE_output/downloaded_structures/5c19.cif,0.38132,0.47439
6bdq,results_updated/KAD_ECOLI/run2/seq_compare_for_reviewer3/1AKE_output/downloaded_structures/6bdq.cif,0.51678,0.53025
2ccg,results_updated/KAD_ECOLI/run2/seq_compare_for_reviewer3/1AKE_output/downloaded_structures/2ccg.cif,0.6176,0.60763
4wxp,results_updated/KAD_ECOLI/run2/seq_compare_for_reviewer3/1AKE_output/downloaded_structures/4wxp.cif,0.36289,0.36162
1ex7,results_updated/KAD_ECOLI/run2/seq_compare_for_reviewer3/1AKE_output/downloaded_structures/1ex7.cif,0.54581,0.57479
1q3t,results_updated/KAD_ECOLI/run2/seq_compare_for_reviewer3/1AKE_output/downloaded_structures/1q3t.cif,0.57692,0.58292
8e5q,results_updated/KAD_ECOLI/run2/seq_compare_for_reviewer3/1AKE_output/downloaded_structures/8e5q.cif,0.51034,0.52292
8dav,results_updated/KAD_ECOLI/run2/seq_compare_for_reviewer3/1AKE_output/downloaded_structures/8dav.cif,0.37952,0.45754
1nn5,results_updated/KAD_ECOLI/run2/seq_compare_for_reviewer3/1AKE_output/downloaded_structures/1nn5.cif,0.62081,0.58079
7ctg,results_updated/KAD_ECOLI/run2/seq_compare_for_reviewer3/1AKE_output/downloaded_structures/7ctg.cif,0.2517,0.21693
2if2,results_updated/KAD_ECOLI/run2/seq_compare_for_reviewer3/1AKE_output/downloaded_structures/2if2.cif,0.58905,0.56249
4eun,results_updated/KAD_ECOLI/run2/seq_compare_for_reviewer3/1AKE_output/downloaded_structures/4eun.cif,0.61274,0.56088
2iyz,results_updated/KAD_ECOLI/run2/seq_compare_for_reviewer3/1AKE_output/downloaded_structures/2iyz.cif,0.57516,0.55256
5fhf,results_updated/KAD_ECOLI/run2/seq_compare_for_reviewer3/1AKE_output/downloaded_structures/5fhf.cif,0.45964,0.49483
2bwj,results_updated/KAD_ECOLI/run2/seq_compare_for_reviewer3/1AKE_output/downloaded_structures/2bwj.cif,0.66879,0.73237
7e9v,results_updated/KAD_ECOLI/run2/seq_compare_for_reviewer3/1AKE_output/downloaded_structures/7e9v.cif,0.67703,0.71272
4tyq,results_updated/KAD_ECOLI/run2/seq_compare_for_reviewer3/1AKE_output/downloaded_structures/4tyq.cif,0.88309,0.67902
3mjr,results_updated/KAD_ECOLI/run2/seq_compare_for_reviewer3/1AKE_output/downloaded_structures/3mjr.cif,0.63547,0.56763
2ak3,results_updated/KAD_ECOLI/run2/seq_compare_for_reviewer3/1AKE_output/downloaded_structures/2ak3.cif,0.72733,0.78184
1p60,results_updated/KAD_ECOLI/run2/seq_compare_for_reviewer3/1AKE_output/downloaded_structures/1p60.cif,0.63502,0.56765
3hws,results_updated/KAD_ECOLI/run2/seq_compare_for_reviewer3/1AKE_output/downloaded_structures/3hws.cif,0.38778,0.43352
5byj,results_updated/KAD_ECOLI/run2/seq_compare_for_reviewer3/1AKE_output/downloaded_structures/5byj.cif,0.51496,0.53074
3l0s,results_updated/KAD_ECOLI/run2/seq_compare_for_reviewer3/1AKE_output/downloaded_structures/3l0s.cif,0.6922,0.80836
1e2m,results_updated/KAD_ECOLI/run2/seq_compare_for_reviewer3/1AKE_output/downloaded_structures/1e2m.cif,0.60143,0.52712
4xg0,results_updated/KAD_ECOLI/run2/seq_compare_for_reviewer3/1AKE_output/downloaded_structures/4xg0.cif,0.40966,0.40355
4q47,results_updated/KAD_ECOLI/run2/seq_compare_for_reviewer3/1AKE_output/downloaded_structures/4q47.cif,0.31475,0.39167
6rze,results_updated/KAD_ECOLI/run2/seq_compare_for_reviewer3/1AKE_output/downloaded_structures/6rze.cif,0.69024,0.9896
2ehd,results_updated/KAD_ECOLI/run2/seq_compare_for_reviewer3/1AKE_output/downloaded_structures/2ehd.cif,0.45532,0.4554
1e9d,results_updated/KAD_ECOLI/run2/seq_compare_for_reviewer3/1AKE_output/downloaded_structures/1e9d.cif,0.6303,0.58958
2rhm,results_updated/KAD_ECOLI/run2/seq_compare_for_reviewer3/1AKE_output/downloaded_structures/2rhm.cif,0.58935,0.52467
7owj,results_updated/KAD_ECOLI/run2/seq_compare_for_reviewer3/1AKE_output/downloaded_structures/7owj.cif,0.58236,0.60647
5xb5,results_updated/KAD_ECOLI/run2/seq_compare_for_reviewer3/1AKE_output/downloaded_structures/5xb5.cif,0.62305,0.58794
2lci,results_updated/KAD_ECOLI/run2/seq_compare_for_reviewer3/4AKE_A_output/downloaded_structures/2lci.cif,0.41678,0.41046
2cck,results_updated/KAD_ECOLI/run2/seq_compare_for_reviewer3/4AKE_A_output/downloaded_structures/2cck.cif,0.58393,0.58828
1wyz,results_updated/KAD_ECOLI/run2/seq_compare_for_reviewer3/4AKE_A_output/downloaded_structures/1wyz.cif,0.29772,0.32655
5hr5,results_updated/KAD_ECOLI/run2/seq_compare_for_reviewer3/4AKE_A_output/downloaded_structures/5hr5.cif,0.62034,0.54802
3cr8,results_updated/KAD_ECOLI/run2/seq_compare_for_reviewer3/4AKE_A_output/downloaded_structures/3cr8.cif,0.46971,0.45846
8aer,results_updated/KAD_ECOLI/run2/seq_compare_for_reviewer3/4AKE_A_output/downloaded_structures/8aer.cif,0.42845,0.43818
3ea0,results_updated/KAD_ECOLI/run2/seq_compare_for_reviewer3/4AKE_A_output/downloaded_structures/3ea0.cif,0.45583,0.46936
3qpu,results_updated/KAD_ECOLI/run2/seq_compare_for_reviewer3/4AKE_A_output/downloaded_structures/3qpu.cif,0.61029,0.53926
2h00,results_updated/KAD_ECOLI/run2/seq_compare_for_reviewer3/4AKE_A_output/downloaded_structures/2h00.cif,0.33037,0.31086
2f3t,results_updated/KAD_ECOLI/run2/seq_compare_for_reviewer3/4AKE_A_output/downloaded_structures/2f3t.cif,0.51798,0.55245
4k8g,results_updated/KAD_ECOLI/run2/seq_compare_for_reviewer3/4AKE_A_output/downloaded_structures/4k8g.cif,0.39226,0.38166
1kjq,results_updated/KAD_ECOLI/run2/seq_compare_for_reviewer3/4AKE_A_output/downloaded_structures/1kjq.cif,0.38911,0.33355
2efg,results_updated/KAD_ECOLI/run2/seq_compare_for_reviewer3/4AKE_A_output/downloaded_structures/2efg.cif,0.32561,0.38597
4ru1,results_updated/KAD_ECOLI/run2/seq_compare_for_reviewer3/4AKE_A_output/downloaded_structures/4ru1.cif,0.34669,0.35044
6b91,results_updated/KAD_ECOLI/run2/seq_compare_for_reviewer3/4AKE_A_output/downloaded_structures/6b91.cif,0.3571,0.35486
8ide,results_updated/KAD_ECOLI/run2/seq_compare_for_reviewer3/4AKE_A_output/downloaded_structures/8ide.cif,0.38813,0.36428
4m74,results_updated/KAD_ECOLI/run2/seq_compare_for_reviewer3/4AKE_A_output/downloaded_structures/4m74.cif,0.38158,0.38617
1xdb,results_updated/KAD_ECOLI/run2/seq_compare_for_reviewer3/4AKE_A_output/downloaded_structures/1xdb.cif,0.50947,0.53059
5hoq,results_updated/KAD_ECOLI/run2/seq_compare_for_reviewer3/4AKE_A_output/downloaded_structures/5hoq.cif,0.33103,0.32629
2wwf,results_updated/KAD_ECOLI/run2/seq_compare_for_reviewer3/4AKE_A_output/downloaded_structures/2wwf.cif,0.62276,0.57423
4gbm,results_updated/KAD_ECOLI/run2/seq_compare_for_reviewer3/4AKE_A_output/downloaded_structures/4gbm.cif,0.54859,0.58414
4u5c,results_updated/KAD_ECOLI/run2/seq_compare_for_reviewer3/4AKE_A_output/downloaded_structures/4u5c.cif,0.34262,0.37997
2afi,results_updated/KAD_ECOLI/run2/seq_compare_for_reviewer3/4AKE_A_output/downloaded_structures/2afi.cif,0.34849,0.34426
3c0k,results_updated/KAD_ECOLI/run2/seq_compare_for_reviewer3/4AKE_A_output/downloaded_structures/3c0k.cif,0.34056,0.33389
1c9k,results_updated/KAD_ECOLI/run2/seq_compare_for_reviewer3/4AKE_A_output/downloaded_structures/1c9k.cif,0.38332,0.38967
7zi9,results_updated/KAD_ECOLI/run2/seq_compare_for_reviewer3/4AKE_A_output/downloaded_structures/7zi9.cif,0.63852,0.56877
7ned,results_updated/KAD_ECOLI/run2/seq_compare_for_reviewer3/4AKE_A_output/downloaded_structures/7ned.cif,0.39827,0.44987
7o9h,results_updated/KAD_ECOLI/run2/seq_compare_for_reviewer3/4AKE_A_output/downloaded_structures/7o9h.cif,0.45545,0.43738
3dbl,results_updated/KAD_ECOLI/run2/seq_compare_for_reviewer3/4AKE_A_output/downloaded_structures/3dbl.cif,0.28137,0.3326
3t4x,results_updated/KAD_ECOLI/run2/seq_compare_for_reviewer3/4AKE_A_output/downloaded_structures/3t4x.cif,0.43699,0.42451
3gbv,results_updated/KAD_ECOLI/run2/seq_compare_for_reviewer3/4AKE_A_output/downloaded_structures/3gbv.cif,0.3202,0.33808
8a7s,results_updated/KAD_ECOLI/run2/seq_compare_for_reviewer3/4AKE_A_output/downloaded_structures/8a7s.cif,0.45932,0.44999
4wer,results_updated/KAD_ECOLI/run2/seq_compare_for_reviewer3/4AKE_A_output/downloaded_structures/4wer.cif,0.34241,0.33645
5htk,results_updated/KAD_ECOLI/run2/seq_compare_for_reviewer3/4AKE_A_output/downloaded_structures/5htk.cif,0.61734,0.54606
2qjj,results_updated/KAD_ECOLI/run2/seq_compare_for_reviewer3/4AKE_A_output/downloaded_structures/2qjj.cif,0.39676,0.38102
8a30,results_updated/KAD_ECOLI/run2/seq_compare_for_reviewer3/4AKE_A_output/downloaded_structures/8a30.cif,0.43426,0.45103
5zy6,results_updated/KAD_ECOLI/run2/seq_compare_for_reviewer3/4AKE_A_output/downloaded_structures/5zy6.cif,0.38516,0.38646
3zq6,results_updated/KAD_ECOLI/run2/seq_compare_for_reviewer3/4AKE_A_output/downloaded_structures/3zq6.cif,0.48512,0.49578
1dar,results_updated/KAD_ECOLI/run2/seq_compare_for_reviewer3/4AKE_A_output/downloaded_structures/1dar.cif,0.3374,0.39009
6a41,results_updated/KAD_ECOLI/run2/seq_compare_for_reviewer3/4AKE_A_output/downloaded_structures/6a41.cif,0.42737,0.43386
2fkn,results_updated/KAD_ECOLI/run2/seq_compare_for_reviewer3/4AKE_A_output/downloaded_structures/2fkn.cif,0.38926,0.44929
1ki3,results_updated/KAD_ECOLI/run2/seq_compare_for_reviewer3/4AKE_A_output/downloaded_structures/1ki3.cif,0.60714,0.53603
1vyt,results_updated/KAD_ECOLI/run2/seq_compare_for_reviewer3/4AKE_A_output/downloaded_structures/1vyt.cif,0.48247,0.51667
1g20,results_updated/KAD_ECOLI/run2/seq_compare_for_reviewer3/4AKE_A_output/downloaded_structures/1g20.cif,0.34704,0.34584
5tkv,results_updated/KAD_ECOLI/run2/seq_compare_for_reviewer3/4AKE_A_output/downloaded_structures/5tkv.cif,0.45556,0.46981
3lw7,results_updated/KAD_ECOLI/run2/seq_compare_for_reviewer3/4AKE_A_output/downloaded_structures/3lw7.cif,0.62302,0.61573
8fve,results_updated/KAD_ECOLI/run2/seq_compare_for_reviewer3/4AKE_A_output/downloaded_structures/8fve.cif,0.45554,0.47043
4m1k,results_updated/KAD_ECOLI/run2/seq_compare_for_reviewer3/4AKE_A_output/downloaded_structures/4m1k.cif,0.34242,0.38159
1m7g,results_updated/KAD_ECOLI/run2/seq_compare_for_reviewer3/4AKE_A_output/downloaded_structures/1m7g.cif,0.56356,0.5322
3gzn,results_updated/KAD_ECOLI/run2/seq_compare_for_reviewer3/4AKE_A_output/downloaded_structures/3gzn.cif,0.32144,0.30022
3ab4,results_updated/KAD_ECOLI/run2/seq_compare_for_reviewer3/4AKE_A_output/downloaded_structures/3ab4.cif,0.32549,0.35216
3j9z,results_updated/KAD_ECOLI/run2/seq_compare_for_reviewer3/4AKE_A_output/downloaded_structures/3j9z.cif,0.17731,0.20724
1i2d,results_updated/KAD_ECOLI/run2/seq_compare_for_reviewer3/4AKE_A_output/downloaded_structures/1i2d.cif,0.56142,0.52212
4jlk,results_updated/KAD_ECOLI/run2/seq_compare_for_reviewer3/4AKE_A_output/downloaded_structures/4jlk.cif,0.64607,0.57498
3rnl,results_updated/KAD_ECOLI/run2/seq_compare_for_reviewer3/4AKE_A_output/downloaded_structures/3rnl.cif,0.54095,0.53075
5dmh,results_updated/KAD_ECOLI/run2/seq_compare_for_reviewer3/4AKE_A_output/downloaded_structures/5dmh.cif,0.4102,0.41292
2b83,results_updated/KAD_ECOLI/run2/seq_compare_for_reviewer3/4AKE_A_output/downloaded_structures/2b83.cif,0.34715,0.34833
5vh6,results_updated/KAD_ECOLI/run2/seq_compare_for_reviewer3/4AKE_A_output/downloaded_structures/5vh6.cif,0.38411,0.39719
1bif,results_updated/KAD_ECOLI/run2/seq_compare_for_reviewer3/4AKE_A_output/downloaded_structures/1bif.cif,0.61778,0.53839
1qgn,results_updated/KAD_ECOLI/run2/seq_compare_for_reviewer3/4AKE_A_output/downloaded_structures/1qgn.cif,0.35002,0.31397
2ad5,results_updated/KAD_ECOLI/run2/seq_compare_for_reviewer3/4AKE_A_output/downloaded_structures/2ad5.cif,0.4577,0.47259
7cdw,results_updated/KAD_ECOLI/run2/seq_compare_for_reviewer3/4AKE_A_output/downloaded_structures/7cdw.cif,0.37363,0.37655
3ftn,results_updated/KAD_ECOLI/run2/seq_compare_for_reviewer3/4AKE_A_output/downloaded_structures/3ftn.cif,0.34584,0.34681
3fsr,results_updated/KAD_ECOLI/run2/seq_compare_for_reviewer3/4AKE_A_output/downloaded_structures/3fsr.cif,0.3419,0.34377
6n9x,results_updated/KAD_ECOLI/run2/seq_compare_for_reviewer3/4AKE_A_output/downloaded_structures/6n9x.cif,0.39994,0.4006
5x8k,results_updated/KAD_ECOLI/run2/seq_compare_for_reviewer3/4AKE_A_output/downloaded_structures/5x8k.cif,0.57817,0.55279
1i01,results_updated/KAD_ECOLI/run2/seq_compare_for_reviewer3/4AKE_A_output/downloaded_structures/1i01.cif,0.45337,0.43559
1m8p,results_updated/KAD_ECOLI/run2/seq_compare_for_reviewer3/4AKE_A_output/downloaded_structures/1m8p.cif,0.56292,0.52526
2vos,results_updated/KAD_ECOLI/run2/seq_compare_for_reviewer3/4AKE_A_output/downloaded_structures/2vos.cif,0.47172,0.48576
7zpk,results_updated/KAD_ECOLI/run2/seq_compare_for_reviewer3/4AKE_A_output/downloaded_structures/7zpk.cif,0.38317,0.38498
7c7s,results_updated/KAD_ECOLI/run2/seq_compare_for_reviewer3/4AKE_A_output/downloaded_structures/7c7s.cif,0.32797,0.33823
1w1u,results_updated/KAD_ECOLI/run2/seq_compare_for_reviewer3/4AKE_A_output/downloaded_structures/1w1u.cif,0.42115,0.44992
1x87,results_updated/KAD_ECOLI/run2/seq_compare_for_reviewer3/4AKE_A_output/downloaded_structures/1x87.cif,0.32387,0.39785
8hi5,results_updated/KAD_ECOLI/run2/seq_compare_for_reviewer3/4AKE_A_output/downloaded_structures/8hi5.cif,0.42966,0.43454
4myt,results_updated/KAD_ECOLI/run2/seq_compare_for_reviewer3/4AKE_A_output/downloaded_structures/4myt.cif,0.33915,0.38708
8fvd,results_updated/KAD_ECOLI/run2/seq_compare_for_reviewer3/4AKE_A_output/downloaded_structures/8fvd.cif,0.45442,0.46968
2j7k,results_updated/KAD_ECOLI/run2/seq_compare_for_reviewer3/4AKE_A_output/downloaded_structures/2j7k.cif,0.34322,0.38694
5hcn,results_updated/KAD_ECOLI/run2/seq_compare_for_reviewer3/4AKE_A_output/downloaded_structures/5hcn.cif,0.50367,0.51613
6jl8,results_updated/KAD_ECOLI/run2/seq_compare_for_reviewer3/4AKE_A_output/downloaded_structures/6jl8.cif,0.39815,0.38776
4qgh,results_updated/KAD_ECOLI/run2/seq_compare_for_reviewer3/4AKE_A_output/downloaded_structures/4qgh.cif,0.59552,0.58889
6lk4,results_updated/KAD_ECOLI/run2/seq_compare_for_reviewer3/4AKE_A_output/downloaded_structures/6lk4.cif,0.40591,0.39929
6uoa,results_updated/KAD_ECOLI/run2/seq_compare_for_reviewer3/4AKE_A_output/downloaded_structures/6uoa.cif,0.35626,0.32716
7fgq,results_updated/KAD_ECOLI/run2/seq_compare_for_reviewer3/4AKE_A_output/downloaded_structures/7fgq.cif,0.56959,0.53014
6rax,results_updated/KAD_ECOLI/run2/seq_compare_for_reviewer3/4AKE_A_output/downloaded_structures/6rax.cif,0.28434,0.34991
2anc,results_updated/KAD_ECOLI/run2/seq_compare_for_reviewer3/4AKE_A_output/downloaded_structures/2anc.cif,0.52123,0.55307
5ajz,results_updated/KAD_ECOLI/run2/seq_compare_for_reviewer3/4AKE_A_output/downloaded_structures/5ajz.cif,0.61232,0.54021
8i70,results_updated/KAD_ECOLI/run2/seq_compare_for_reviewer3/4AKE_A_output/downloaded_structures/8i70.cif,0.45847,0.43932
6k8s,results_updated/KAD_ECOLI/run2/seq_compare_for_reviewer3/4AKE_A_output/downloaded_structures/6k8s.cif,0.44892,0.43716
2bv3,results_updated/KAD_ECOLI/run2/seq_compare_for_reviewer3/4AKE_A_output/downloaded_structures/2bv3.cif,0.38639,0.38402
1ble,results_updated/KAD_ECOLI/run2/seq_compare_for_reviewer3/4AKE_A_output/downloaded_structures/1ble.cif,0.40991,0.40855
1uwl,results_updated/KAD_ECOLI/run2/seq_compare_for_reviewer3/4AKE_A_output/downloaded_structures/1uwl.cif,0.41993,0.44727
7cgv,results_updated/KAD_ECOLI/run2/seq_compare_for_reviewer3/4AKE_A_output/downloaded_structures/7cgv.cif,0.41235,0.41399
1d1t,results_updated/KAD_ECOLI/run2/seq_compare_for_reviewer3/4AKE_A_output/downloaded_structures/1d1t.cif,0.33216,0.31727
8aeo,results_updated/KAD_ECOLI/run2/seq_compare_for_reviewer3/4AKE_A_output/downloaded_structures/8aeo.cif,0.45965,0.44956
7cum,results_updated/KAD_ECOLI/run2/seq_compare_for_reviewer3/4AKE_A_output/downloaded_structures/7cum.cif,0.29303,0.38213
5zq8,results_updated/KAD_ECOLI/run2/seq_compare_for_reviewer3/4AKE_A_output/downloaded_structures/5zq8.cif,0.33751,0.32131
5auq,results_updated/KAD_ECOLI/run2/seq_compare_for_reviewer3/4AKE_A_output/downloaded_structures/5auq.cif,0.47633,0.47469
1k6m,results_updated/KAD_ECOLI/run2/seq_compare_for_reviewer3/4AKE_A_output/downloaded_structures/1k6m.cif,0.61783,0.54691
5vhq,results_updated/KAD_ECOLI/run2/seq_compare_for_reviewer3/4AKE_A_output/downloaded_structures/5vhq.cif,0.26066,0.31522
4v9h,results_updated/KAD_ECOLI/run2/seq_compare_for_reviewer3/4AKE_A_output/downloaded_structures/4v9h.cif,0.18208,0.19269
2vor,results_updated/KAD_ECOLI/run2/seq_compare_for_reviewer3/4AKE_A_output/downloaded_structures/2vor.cif,0.48553,0.49273
8std,results_updated/KAD_ECOLI/run2/seq_compare_for_reviewer3/4AKE_A_output/downloaded_structures/8std.cif,0.37333,0.37392
7dd6,results_updated/KAD_ECOLI/run2/seq_compare_for_reviewer3/4AKE_A_output/downloaded_structures/7dd6.cif,0.37995,0.37987
7zi2,results_updated/KAD_ECOLI/run2/seq_compare_for_reviewer3/4AKE_A_output/downloaded_structures/7zi2.cif,0.64137,0.57745
4m71,results_updated/KAD_ECOLI/run2/seq_compare_for_reviewer3/4AKE_A_output/downloaded_structures/4m71.cif,0.37425,0.38643
7fik,results_updated/KAD_ECOLI/run2/seq_compare_for_reviewer3/4AKE_A_output/downloaded_structures/7fik.cif,0.32231,0.3567
4d4k,results_updated/KAD_ECOLI/run2/seq_compare_for_reviewer3/4AKE_A_output/downloaded_structures/4d4k.cif,0.61275,0.54004
7tm8,results_updated/KAD_ECOLI/run2/seq_compare_for_reviewer3/4AKE_A_output/downloaded_structures/7tm8.cif,0.37985,0.39836
2l69,results_updated/KAD_ECOLI/run2/seq_compare_for_reviewer3/4AKE_A_output/downloaded_structures/2l69.cif,0.40587,0.40974
3hp1,results_updated/KAD_ECOLI/run2/seq_compare_for_reviewer3/4AKE_A_output/downloaded_structures/3hp1.cif,0.62923,0.55919
3qpv,results_updated/KAD_ECOLI/run2/seq_compare_for_reviewer3/4AKE_A_output/downloaded_structures/3qpv.cif,0.61568,0.54119
2dwp,results_updated/KAD_ECOLI/run2/seq_compare_for_reviewer3/4AKE_A_output/downloaded_structures/2dwp.cif,0.61602,0.54324
2bm1,results_updated/KAD_ECOLI/run2/seq_compare_for_reviewer3/4AKE_A_output/downloaded_structures/2bm1.cif,0.33006,0.38886
1s1m,results_updated/KAD_ECOLI/run2/seq_compare_for_reviewer3/4AKE_A_output/downloaded_structures/1s1m.cif,0.45813,0.47145
1ped,results_updated/KAD_ECOLI/run2/seq_compare_for_reviewer3/4AKE_A_output/downloaded_structures/1ped.cif,0.34573,0.3489
8q6o,results_updated/KAD_ECOLI/run2/seq_compare_for_reviewer3/4AKE_A_output/downloaded_structures/8q6o.cif,0.31035,0.35486
6tj2,results_updated/KAD_ECOLI/run2/seq_compare_for_reviewer3/4AKE_A_output/downloaded_structures/6tj2.cif,0.48086,0.42532
8h4g,results_updated/KAD_ECOLI/run2/seq_compare_for_reviewer3/4AKE_A_output/downloaded_structures/8h4g.cif,0.3348,0.33155
1uwk,results_updated/KAD_ECOLI/run2/seq_compare_for_reviewer3/4AKE_A_output/downloaded_structures/1uwk.cif,0.40289,0.44189
6q93,results_updated/KAD_ECOLI/run2/seq_compare_for_reviewer3/4AKE_A_output/downloaded_structures/6q93.cif,0.51894,0.52528
3qeo,results_updated/KAD_ECOLI/run2/seq_compare_for_reviewer3/4AKE_A_output/downloaded_structures/3qeo.cif,0.63992,0.56856
6v4l,results_updated/KAD_ECOLI/run2/seq_compare_for_reviewer3/4AKE_A_output/downloaded_structures/6v4l.cif,0.31638,0.3427
4jlm,results_updated/KAD_ECOLI/run2/seq_compare_for_reviewer3/4AKE_A_output/downloaded_structures/4jlm.cif,0.64505,0.57823
6n4l,results_updated/KAD_ECOLI/run2/seq_compare_for_reviewer3/4AKE_A_output/downloaded_structures/6n4l.cif,0.51676,0.52134
8oie,results_updated/KAD_ECOLI/run2/seq_compare_for_reviewer3/4AKE_A_output/downloaded_structures/8oie.cif,0.364,0.38676
