PDB,plddt,local_plddt,seq_count,bound_rmsd,apo_rmsd
occurrence_voting_apo/results_top_16/top_pred/top_sequences_unrelaxed_rank_040_alphafold2_ptm_model_1_seed_006.pdb,68.74370753323487,69.36128205128205,17,5.21584,1.7664497
occurrence_voting_apo/results_top_16/top_pred/top_sequences_unrelaxed_rank_039_alphafold2_ptm_model_1_seed_000.pdb,71.91737075332348,72.57102564102564,17,5.38095,1.7026758
occurrence_voting_apo/results_top_16/top_pred/top_sequences_unrelaxed_rank_038_alphafold2_ptm_model_5_seed_002.pdb,71.96742983751847,73.31102564102564,17,6.1297636,2.7714264
occurrence_voting_apo/results_top_16/top_pred/top_sequences_unrelaxed_rank_036_alphafold2_ptm_model_1_seed_003.pdb,72.31714918759232,72.31205128205129,17,5.452381,1.4690487
occurrence_voting_apo/results_top_16/top_pred/top_sequences_unrelaxed_rank_037_alphafold2_ptm_model_5_seed_004.pdb,72.33115214180206,73.22333333333333,17,6.423204,2.334733
occurrence_voting_apo/results_top_16/top_pred/top_sequences_unrelaxed_rank_035_alphafold2_ptm_model_1_seed_004.pdb,73.08998522895125,72.34333333333335,17,4.7555943,2.0891998
occurrence_voting_apo/results_top_16/top_pred/top_sequences_unrelaxed_rank_034_alphafold2_ptm_model_5_seed_000.pdb,73.13509601181684,72.45410256410257,17,6.1508327,2.7945375
occurrence_voting_apo/results_top_16/top_pred/top_sequences_unrelaxed_rank_033_alphafold2_ptm_model_2_seed_007.pdb,73.69744460856721,74.69076923076922,17,5.544475,1.6689501
occurrence_voting_apo/results_top_16/top_pred/top_sequences_unrelaxed_rank_032_alphafold2_ptm_model_3_seed_004.pdb,73.80005908419497,77.38179487179487,17,5.286512,1.5495365
occurrence_voting_apo/results_top_16/top_pred/top_sequences_unrelaxed_rank_031_alphafold2_ptm_model_1_seed_007.pdb,73.84493353028066,71.61307692307692,17,4.8154197,1.9575815
occurrence_voting_apo/results_top_16/top_pred/top_sequences_unrelaxed_rank_030_alphafold2_ptm_model_1_seed_005.pdb,74.1407976366322,73.59102564102565,17,4.954071,1.8939532
occurrence_voting_apo/results_top_16/top_pred/top_sequences_unrelaxed_rank_029_alphafold2_ptm_model_5_seed_001.pdb,75.15392909896603,74.4430769230769,17,5.762874,2.6433895
occurrence_voting_apo/results_top_16/top_pred/top_sequences_unrelaxed_rank_028_alphafold2_ptm_model_5_seed_007.pdb,75.64899556868538,74.6371794871795,17,6.407371,2.1914256
occurrence_voting_apo/results_top_16/top_pred/top_sequences_unrelaxed_rank_027_alphafold2_ptm_model_5_seed_003.pdb,76.44410635155097,73.9525641025641,17,5.91507,2.7028353
occurrence_voting_apo/results_top_16/top_pred/top_sequences_unrelaxed_rank_026_alphafold2_ptm_model_5_seed_005.pdb,76.57849335302807,74.53820512820512,17,5.946406,2.409927
occurrence_voting_apo/results_top_16/top_pred/top_sequences_unrelaxed_rank_025_alphafold2_ptm_model_2_seed_001.pdb,76.87496307237815,76.94589743589744,17,5.758954,2.028968
occurrence_voting_apo/results_top_16/top_pred/top_sequences_unrelaxed_rank_024_alphafold2_ptm_model_4_seed_003.pdb,76.96196454948301,75.64846153846153,17,5.4427996,1.7938982
occurrence_voting_apo/results_top_16/top_pred/top_sequences_unrelaxed_rank_023_alphafold2_ptm_model_1_seed_001.pdb,77.28794682422452,74.77897435897435,17,5.957714,2.4740977
occurrence_voting_apo/results_top_16/top_pred/top_sequences_unrelaxed_rank_022_alphafold2_ptm_model_2_seed_003.pdb,77.46273264401772,73.90641025641025,17,5.076083,2.0355282
occurrence_voting_apo/results_top_16/top_pred/top_sequences_unrelaxed_rank_021_alphafold2_ptm_model_4_seed_005.pdb,77.52456425406203,77.18179487179488,17,5.0765705,1.7850184
occurrence_voting_apo/results_top_16/top_pred/top_sequences_unrelaxed_rank_020_alphafold2_ptm_model_5_seed_006.pdb,77.64527326440178,75.29435897435896,17,6.080746,2.1743999
occurrence_voting_apo/results_top_16/top_pred/top_sequences_unrelaxed_rank_019_alphafold2_ptm_model_1_seed_002.pdb,77.69369276218612,73.52307692307693,17,4.9891534,1.9613074
occurrence_voting_apo/results_top_16/top_pred/top_sequences_unrelaxed_rank_018_alphafold2_ptm_model_4_seed_007.pdb,78.0125258493353,75.09128205128206,17,5.2064333,1.6409863
occurrence_voting_apo/results_top_16/top_pred/top_sequences_unrelaxed_rank_017_alphafold2_ptm_model_4_seed_001.pdb,78.32543574593797,74.31410256410255,17,6.5441556,0.7979833
occurrence_voting_apo/results_top_16/top_pred/top_sequences_unrelaxed_rank_016_alphafold2_ptm_model_2_seed_006.pdb,78.50196454948302,78.06230769230768,17,5.8509336,1.5598654
occurrence_voting_apo/results_top_16/top_pred/top_sequences_unrelaxed_rank_015_alphafold2_ptm_model_2_seed_002.pdb,78.66612998522895,75.87897435897436,17,5.3062963,1.7865539
occurrence_voting_apo/results_top_16/top_pred/top_sequences_unrelaxed_rank_014_alphafold2_ptm_model_4_seed_006.pdb,78.6738847858198,76.61333333333333,17,4.843176,1.9491447
occurrence_voting_apo/results_top_16/top_pred/top_sequences_unrelaxed_rank_013_alphafold2_ptm_model_2_seed_005.pdb,78.75085672082719,75.87615384615385,17,6.4524207,2.4875035
occurrence_voting_apo/results_top_16/top_pred/top_sequences_unrelaxed_rank_012_alphafold2_ptm_model_2_seed_004.pdb,78.9610635155096,74.13666666666667,17,5.447233,1.7741556
occurrence_voting_apo/results_top_16/top_pred/top_sequences_unrelaxed_rank_011_alphafold2_ptm_model_2_seed_000.pdb,79.13850812407682,76.39205128205127,17,4.9918227,2.2289639
occurrence_voting_apo/results_top_16/top_pred/top_sequences_unrelaxed_rank_010_alphafold2_ptm_model_3_seed_002.pdb,80.4709305760709,78.6174358974359,17,5.2676277,1.5573868
occurrence_voting_apo/results_top_16/top_pred/top_sequences_unrelaxed_rank_009_alphafold2_ptm_model_3_seed_005.pdb,80.80279172821271,79.02025641025642,17,5.0430284,1.7475401
occurrence_voting_apo/results_top_16/top_pred/top_sequences_unrelaxed_rank_008_alphafold2_ptm_model_4_seed_002.pdb,80.89639586410635,78.80282051282052,17,5.0688014,1.724038
occurrence_voting_apo/results_top_16/top_pred/top_sequences_unrelaxed_rank_006_alphafold2_ptm_model_3_seed_001.pdb,81.17887740029543,79.16923076923078,17,5.69714,1.1035498
occurrence_voting_apo/results_top_16/top_pred/top_sequences_unrelaxed_rank_007_alphafold2_ptm_model_4_seed_000.pdb,81.19889217134416,77.52128205128204,17,4.9134903,1.8028735
occurrence_voting_apo/results_top_16/top_pred/top_sequences_unrelaxed_rank_005_alphafold2_ptm_model_3_seed_007.pdb,81.92807976366322,80.42153846153845,17,5.3988943,1.5919923
occurrence_voting_apo/results_top_16/top_pred/top_sequences_unrelaxed_rank_004_alphafold2_ptm_model_3_seed_006.pdb,82.58602658788774,80.32384615384616,17,5.1926627,1.6990741
occurrence_voting_apo/results_top_16/top_pred/top_sequences_unrelaxed_rank_003_alphafold2_ptm_model_3_seed_003.pdb,83.25031019202365,81.43205128205128,17,5.753514,1.0753146
occurrence_voting_apo/results_top_16/top_pred/top_sequences_unrelaxed_rank_002_alphafold2_ptm_model_3_seed_000.pdb,83.36203840472673,79.86564102564103,17,5.124458,1.7001427
occurrence_voting_apo/results_top_16/top_pred/top_sequences_unrelaxed_rank_001_alphafold2_ptm_model_4_seed_004.pdb,83.81562776957163,79.93923076923076,17,4.6057754,2.1415262
