PDB,seq_count,plddt,1ake_rmsd,4ake_rmsd,bin_name
/results/KAD_ECOLI/resnet_try/04_recompile/recompiled_sequences/bin_5_14/prediction/bin_5_14_sequences_unrelaxed_rank_008_alphafold2_ptm_model_5_seed_001.pdb,45,96.04271028037384,4.173449486855776,3.6591016221273254,5_14
/results/KAD_ECOLI/resnet_try/04_recompile/recompiled_sequences/bin_5_14/prediction/bin_5_14_sequences_unrelaxed_rank_010_alphafold2_ptm_model_1_seed_001.pdb,45,95.97373831775703,4.44537417968774,3.3711301356478764,5_14
/results/KAD_ECOLI/resnet_try/04_recompile/recompiled_sequences/bin_5_14/prediction/bin_5_14_sequences_unrelaxed_rank_005_alphafold2_ptm_model_2_seed_000.pdb,45,96.18172897196264,4.538817030867718,3.342029097725502,5_14
/results/KAD_ECOLI/resnet_try/04_recompile/recompiled_sequences/bin_5_14/prediction/bin_5_14_sequences_unrelaxed_rank_003_alphafold2_ptm_model_4_seed_001.pdb,45,96.5496728971963,4.323022135911522,3.39321631480312,5_14
/results/KAD_ECOLI/resnet_try/04_recompile/recompiled_sequences/bin_5_14/prediction/bin_5_14_sequences_unrelaxed_rank_001_alphafold2_ptm_model_3_seed_001.pdb,45,96.7142056074767,4.131117323406729,3.5982811576282563,5_14
/results/KAD_ECOLI/resnet_try/04_recompile/recompiled_sequences/bin_5_14/prediction/bin_5_14_sequences_unrelaxed_rank_004_alphafold2_ptm_model_4_seed_000.pdb,45,96.5042523364486,4.375277732690559,3.3987325407748257,5_14
/results/KAD_ECOLI/resnet_try/04_recompile/recompiled_sequences/bin_5_14/prediction/bin_5_14_sequences_unrelaxed_rank_007_alphafold2_ptm_model_5_seed_000.pdb,45,96.12644859813084,4.318345732506048,3.619224248261975,5_14
/results/KAD_ECOLI/resnet_try/04_recompile/recompiled_sequences/bin_5_14/prediction/bin_5_14_sequences_unrelaxed_rank_009_alphafold2_ptm_model_1_seed_000.pdb,45,96.07654205607477,4.582493228580546,3.3331125200861105,5_14
/results/KAD_ECOLI/resnet_try/04_recompile/recompiled_sequences/bin_5_14/prediction/bin_5_14_sequences_unrelaxed_rank_002_alphafold2_ptm_model_3_seed_000.pdb,45,96.60448598130839,4.118578504924564,3.616991554134157,5_14
/results/KAD_ECOLI/resnet_try/04_recompile/recompiled_sequences/bin_5_14/prediction/bin_5_14_sequences_unrelaxed_rank_006_alphafold2_ptm_model_2_seed_001.pdb,45,96.14247663551404,4.388188694738183,3.3780274018968575,5_14
/results/KAD_ECOLI/resnet_try/04_recompile/recompiled_sequences/bin_7_12/prediction/bin_7_12_sequences_unrelaxed_rank_002_alphafold2_ptm_model_3_seed_000.pdb,37,95.45429906542059,3.7126539688964746,3.990403068167042,7_12
/results/KAD_ECOLI/resnet_try/04_recompile/recompiled_sequences/bin_7_12/prediction/bin_7_12_sequences_unrelaxed_rank_003_alphafold2_ptm_model_4_seed_001.pdb,37,95.0848130841121,3.9532517936629348,3.6240912023199647,7_12
/results/KAD_ECOLI/resnet_try/04_recompile/recompiled_sequences/bin_7_12/prediction/bin_7_12_sequences_unrelaxed_rank_006_alphafold2_ptm_model_2_seed_000.pdb,37,94.20696261682245,3.6677439394751445,3.917623160662763,7_12
/results/KAD_ECOLI/resnet_try/04_recompile/recompiled_sequences/bin_7_12/prediction/bin_7_12_sequences_unrelaxed_rank_007_alphafold2_ptm_model_1_seed_001.pdb,37,93.86897196261687,3.7494489591557056,3.859316725389538,7_12
/results/KAD_ECOLI/resnet_try/04_recompile/recompiled_sequences/bin_7_12/prediction/bin_7_12_sequences_unrelaxed_rank_005_alphafold2_ptm_model_2_seed_001.pdb,37,94.29934579439255,3.775313609910327,3.8009034482415944,7_12
/results/KAD_ECOLI/resnet_try/04_recompile/recompiled_sequences/bin_7_12/prediction/bin_7_12_sequences_unrelaxed_rank_009_alphafold2_ptm_model_5_seed_001.pdb,37,93.68028037383178,3.7986430009285574,3.9426289032607627,7_12
/results/KAD_ECOLI/resnet_try/04_recompile/recompiled_sequences/bin_7_12/prediction/bin_7_12_sequences_unrelaxed_rank_008_alphafold2_ptm_model_1_seed_000.pdb,37,93.82509345794388,3.5313423033126123,4.034932718662091,7_12
/results/KAD_ECOLI/resnet_try/04_recompile/recompiled_sequences/bin_7_12/prediction/bin_7_12_sequences_unrelaxed_rank_004_alphafold2_ptm_model_4_seed_000.pdb,37,94.91261682242985,3.722353552158982,3.8492870247580795,7_12
/results/KAD_ECOLI/resnet_try/04_recompile/recompiled_sequences/bin_7_12/prediction/bin_7_12_sequences_unrelaxed_rank_010_alphafold2_ptm_model_5_seed_000.pdb,37,93.70565420560747,3.6845383061087604,4.042281499878229,7_12
/results/KAD_ECOLI/resnet_try/04_recompile/recompiled_sequences/bin_7_12/prediction/bin_7_12_sequences_unrelaxed_rank_001_alphafold2_ptm_model_3_seed_001.pdb,37,95.61546728971963,3.878650820423306,3.820176833250244,7_12
/results/KAD_ECOLI/resnet_try/04_recompile/recompiled_sequences/bin_16_8/prediction/bin_16_8_sequences_unrelaxed_rank_003_alphafold2_ptm_model_4_seed_001.pdb,26,95.59686915887855,2.017952834977171,5.606532896448367,16_8
/results/KAD_ECOLI/resnet_try/04_recompile/recompiled_sequences/bin_16_8/prediction/bin_16_8_sequences_unrelaxed_rank_002_alphafold2_ptm_model_3_seed_000.pdb,26,96.30387850467288,2.0254072000589245,5.743327736321418,16_8
/results/KAD_ECOLI/resnet_try/04_recompile/recompiled_sequences/bin_16_8/prediction/bin_16_8_sequences_unrelaxed_rank_008_alphafold2_ptm_model_2_seed_000.pdb,26,95.09897196261686,2.07907493009824,5.551029867396169,16_8
/results/KAD_ECOLI/resnet_try/04_recompile/recompiled_sequences/bin_16_8/prediction/bin_16_8_sequences_unrelaxed_rank_001_alphafold2_ptm_model_3_seed_001.pdb,26,96.35252336448598,1.8405985739541393,5.91796624661395,16_8
/results/KAD_ECOLI/resnet_try/04_recompile/recompiled_sequences/bin_16_8/prediction/bin_16_8_sequences_unrelaxed_rank_004_alphafold2_ptm_model_1_seed_001.pdb,26,95.63056074766352,1.990351449171987,5.898552516097552,16_8
/results/KAD_ECOLI/resnet_try/04_recompile/recompiled_sequences/bin_16_8/prediction/bin_16_8_sequences_unrelaxed_rank_009_alphafold2_ptm_model_5_seed_001.pdb,26,94.76850467289718,1.767446598752055,5.871931882805514,16_8
/results/KAD_ECOLI/resnet_try/04_recompile/recompiled_sequences/bin_16_8/prediction/bin_16_8_sequences_unrelaxed_rank_010_alphafold2_ptm_model_5_seed_000.pdb,26,94.38453271028033,1.9734235656939971,5.554173489272335,16_8
/results/KAD_ECOLI/resnet_try/04_recompile/recompiled_sequences/bin_16_8/prediction/bin_16_8_sequences_unrelaxed_rank_006_alphafold2_ptm_model_4_seed_000.pdb,26,95.31476635514015,2.1433204495163194,5.40888964163657,16_8
/results/KAD_ECOLI/resnet_try/04_recompile/recompiled_sequences/bin_16_8/prediction/bin_16_8_sequences_unrelaxed_rank_007_alphafold2_ptm_model_1_seed_000.pdb,26,95.21271028037371,2.0906387968032965,5.709005393929702,16_8
/results/KAD_ECOLI/resnet_try/04_recompile/recompiled_sequences/bin_16_8/prediction/bin_16_8_sequences_unrelaxed_rank_005_alphafold2_ptm_model_2_seed_001.pdb,26,95.38186915887846,1.9948985855276078,5.695778261626251,16_8
/results/KAD_ECOLI/resnet_try/04_recompile/recompiled_sequences/bin_18_13/prediction/bin_18_13_sequences_unrelaxed_rank_002_alphafold2_ptm_model_3_seed_000.pdb,27,96.49210280373836,1.5867590366416664,6.221482508929637,18_13
/results/KAD_ECOLI/resnet_try/04_recompile/recompiled_sequences/bin_18_13/prediction/bin_18_13_sequences_unrelaxed_rank_009_alphafold2_ptm_model_2_seed_000.pdb,27,95.67313084112149,1.6498559689532915,6.144105327011502,18_13
/results/KAD_ECOLI/resnet_try/04_recompile/recompiled_sequences/bin_18_13/prediction/bin_18_13_sequences_unrelaxed_rank_005_alphafold2_ptm_model_4_seed_000.pdb,27,96.05168224299064,1.7157186575229306,6.0612006370128615,18_13
/results/KAD_ECOLI/resnet_try/04_recompile/recompiled_sequences/bin_18_13/prediction/bin_18_13_sequences_unrelaxed_rank_004_alphafold2_ptm_model_1_seed_000.pdb,27,96.11018691588787,1.7465974578074888,6.215059829213085,18_13
/results/KAD_ECOLI/resnet_try/04_recompile/recompiled_sequences/bin_18_13/prediction/bin_18_13_sequences_unrelaxed_rank_008_alphafold2_ptm_model_2_seed_001.pdb,27,95.93130841121491,1.6234335996618305,6.214807717894294,18_13
/results/KAD_ECOLI/resnet_try/04_recompile/recompiled_sequences/bin_18_13/prediction/bin_18_13_sequences_unrelaxed_rank_007_alphafold2_ptm_model_4_seed_001.pdb,27,96.01672897196268,1.6675007288969315,6.119011817281332,18_13
/results/KAD_ECOLI/resnet_try/04_recompile/recompiled_sequences/bin_18_13/prediction/bin_18_13_sequences_unrelaxed_rank_006_alphafold2_ptm_model_5_seed_001.pdb,27,95.98378504672897,1.6407351398666672,6.177364979358507,18_13
/results/KAD_ECOLI/resnet_try/04_recompile/recompiled_sequences/bin_18_13/prediction/bin_18_13_sequences_unrelaxed_rank_010_alphafold2_ptm_model_5_seed_000.pdb,27,95.62887850467288,1.6682724734301808,6.204334793785839,18_13
/results/KAD_ECOLI/resnet_try/04_recompile/recompiled_sequences/bin_18_13/prediction/bin_18_13_sequences_unrelaxed_rank_003_alphafold2_ptm_model_1_seed_001.pdb,27,96.4041121495327,1.840678206279226,6.229618468324337,18_13
/results/KAD_ECOLI/resnet_try/04_recompile/recompiled_sequences/bin_18_13/prediction/bin_18_13_sequences_unrelaxed_rank_001_alphafold2_ptm_model_3_seed_001.pdb,27,96.56672897196268,1.5973535266980796,6.2369908423971285,18_13
/results/KAD_ECOLI/resnet_try/04_recompile/recompiled_sequences/bin_3_8/prediction/bin_3_8_sequences_unrelaxed_rank_007_alphafold2_ptm_model_2_seed_001.pdb,26,96.08626168224293,5.242832535361831,2.1642416742970574,3_8
/results/KAD_ECOLI/resnet_try/04_recompile/recompiled_sequences/bin_3_8/prediction/bin_3_8_sequences_unrelaxed_rank_001_alphafold2_ptm_model_3_seed_001.pdb,26,96.63453271028041,5.062733782993014,2.2890085358573917,3_8
/results/KAD_ECOLI/resnet_try/04_recompile/recompiled_sequences/bin_3_8/prediction/bin_3_8_sequences_unrelaxed_rank_004_alphafold2_ptm_model_4_seed_000.pdb,26,96.32397196261687,5.2562488543261,2.1644342613053844,3_8
/results/KAD_ECOLI/resnet_try/04_recompile/recompiled_sequences/bin_3_8/prediction/bin_3_8_sequences_unrelaxed_rank_005_alphafold2_ptm_model_5_seed_001.pdb,26,96.18112149532718,5.159618242765578,2.1927957010854464,3_8
/results/KAD_ECOLI/resnet_try/04_recompile/recompiled_sequences/bin_3_8/prediction/bin_3_8_sequences_unrelaxed_rank_006_alphafold2_ptm_model_5_seed_000.pdb,26,96.13345794392524,5.196641201918786,2.160023251313218,3_8
/results/KAD_ECOLI/resnet_try/04_recompile/recompiled_sequences/bin_3_8/prediction/bin_3_8_sequences_unrelaxed_rank_002_alphafold2_ptm_model_3_seed_000.pdb,26,96.64892523364489,5.028029697948999,2.3232159699083814,3_8
/results/KAD_ECOLI/resnet_try/04_recompile/recompiled_sequences/bin_3_8/prediction/bin_3_8_sequences_unrelaxed_rank_010_alphafold2_ptm_model_1_seed_001.pdb,26,95.67364485981304,5.25759938105004,2.1221518495402782,3_8
/results/KAD_ECOLI/resnet_try/04_recompile/recompiled_sequences/bin_3_8/prediction/bin_3_8_sequences_unrelaxed_rank_009_alphafold2_ptm_model_1_seed_000.pdb,26,95.84981308411218,5.365059707005383,2.0404620114439833,3_8
/results/KAD_ECOLI/resnet_try/04_recompile/recompiled_sequences/bin_3_8/prediction/bin_3_8_sequences_unrelaxed_rank_003_alphafold2_ptm_model_4_seed_001.pdb,26,96.36046728971971,5.305407091682012,2.133420478256994,3_8
/results/KAD_ECOLI/resnet_try/04_recompile/recompiled_sequences/bin_3_8/prediction/bin_3_8_sequences_unrelaxed_rank_008_alphafold2_ptm_model_2_seed_000.pdb,26,96.00415887850468,5.27195480094595,2.129481915165473,3_8
/results/KAD_ECOLI/resnet_try/04_recompile/recompiled_sequences/bin_4_18/prediction/bin_4_18_sequences_unrelaxed_rank_008_alphafold2_ptm_model_1_seed_001.pdb,30,95.09331775700937,4.800673891246596,2.9993665132893117,4_18
/results/KAD_ECOLI/resnet_try/04_recompile/recompiled_sequences/bin_4_18/prediction/bin_4_18_sequences_unrelaxed_rank_005_alphafold2_ptm_model_2_seed_000.pdb,30,95.6946261682243,4.863973744560369,3.119527676808685,4_18
/results/KAD_ECOLI/resnet_try/04_recompile/recompiled_sequences/bin_4_18/prediction/bin_4_18_sequences_unrelaxed_rank_001_alphafold2_ptm_model_3_seed_000.pdb,30,96.01953271028039,4.450808288228307,3.367433162528484,4_18
/results/KAD_ECOLI/resnet_try/04_recompile/recompiled_sequences/bin_4_18/prediction/bin_4_18_sequences_unrelaxed_rank_004_alphafold2_ptm_model_4_seed_001.pdb,30,95.86233644859816,4.6349437777083065,3.0415517332981277,4_18
/results/KAD_ECOLI/resnet_try/04_recompile/recompiled_sequences/bin_4_18/prediction/bin_4_18_sequences_unrelaxed_rank_007_alphafold2_ptm_model_5_seed_000.pdb,30,95.35761682242986,4.78936157350335,3.3198737580625957,4_18
/results/KAD_ECOLI/resnet_try/04_recompile/recompiled_sequences/bin_4_18/prediction/bin_4_18_sequences_unrelaxed_rank_003_alphafold2_ptm_model_4_seed_000.pdb,30,95.918691588785,4.664484590229098,3.2795789918162126,4_18
/results/KAD_ECOLI/resnet_try/04_recompile/recompiled_sequences/bin_4_18/prediction/bin_4_18_sequences_unrelaxed_rank_002_alphafold2_ptm_model_1_seed_000.pdb,30,95.98149532710279,5.010440991027633,3.1010130231453608,4_18
/results/KAD_ECOLI/resnet_try/04_recompile/recompiled_sequences/bin_4_18/prediction/bin_4_18_sequences_unrelaxed_rank_006_alphafold2_ptm_model_3_seed_001.pdb,30,95.40663551401869,4.226087843637796,3.397035024451797,4_18
/results/KAD_ECOLI/resnet_try/04_recompile/recompiled_sequences/bin_4_18/prediction/bin_4_18_sequences_unrelaxed_rank_009_alphafold2_ptm_model_2_seed_001.pdb,30,94.85009345794384,4.726747556756842,2.9782928218299447,4_18
/results/KAD_ECOLI/resnet_try/04_recompile/recompiled_sequences/bin_4_18/prediction/bin_4_18_sequences_unrelaxed_rank_010_alphafold2_ptm_model_5_seed_001.pdb,30,94.3792990654205,4.586662067543865,3.242343582190047,4_18
/results/KAD_ECOLI/resnet_try/04_recompile/recompiled_sequences/bin_14_6/prediction/bin_14_6_sequences_unrelaxed_rank_009_alphafold2_ptm_model_5_seed_001.pdb,30,94.45761682242987,2.2874613024968853,5.2683489112971795,14_6
/results/KAD_ECOLI/resnet_try/04_recompile/recompiled_sequences/bin_14_6/prediction/bin_14_6_sequences_unrelaxed_rank_006_alphafold2_ptm_model_2_seed_001.pdb,30,94.70789719626167,2.396368457063637,5.221818735657542,14_6
/results/KAD_ECOLI/resnet_try/04_recompile/recompiled_sequences/bin_14_6/prediction/bin_14_6_sequences_unrelaxed_rank_005_alphafold2_ptm_model_1_seed_001.pdb,30,94.99728971962618,2.5332699449683362,5.338098101829136,14_6
/results/KAD_ECOLI/resnet_try/04_recompile/recompiled_sequences/bin_14_6/prediction/bin_14_6_sequences_unrelaxed_rank_010_alphafold2_ptm_model_2_seed_000.pdb,30,94.23247663551403,2.4512992906234596,5.0685085160864425,14_6
/results/KAD_ECOLI/resnet_try/04_recompile/recompiled_sequences/bin_14_6/prediction/bin_14_6_sequences_unrelaxed_rank_003_alphafold2_ptm_model_4_seed_001.pdb,30,95.40074766355141,2.541358121474546,5.133559782368511,14_6
/results/KAD_ECOLI/resnet_try/04_recompile/recompiled_sequences/bin_14_6/prediction/bin_14_6_sequences_unrelaxed_rank_007_alphafold2_ptm_model_1_seed_000.pdb,30,94.56004672897197,2.533146765326353,5.164683958432696,14_6
/results/KAD_ECOLI/resnet_try/04_recompile/recompiled_sequences/bin_14_6/prediction/bin_14_6_sequences_unrelaxed_rank_004_alphafold2_ptm_model_4_seed_000.pdb,30,95.10658878504677,2.5120845222760257,5.101968088125195,14_6
/results/KAD_ECOLI/resnet_try/04_recompile/recompiled_sequences/bin_14_6/prediction/bin_14_6_sequences_unrelaxed_rank_008_alphafold2_ptm_model_5_seed_000.pdb,30,94.48911214953277,2.331097600638291,5.211615992505386,14_6
/results/KAD_ECOLI/resnet_try/04_recompile/recompiled_sequences/bin_14_6/prediction/bin_14_6_sequences_unrelaxed_rank_002_alphafold2_ptm_model_3_seed_000.pdb,30,95.74780373831778,2.0526507295699337,5.693130539333266,14_6
/results/KAD_ECOLI/resnet_try/04_recompile/recompiled_sequences/bin_14_6/prediction/bin_14_6_sequences_unrelaxed_rank_001_alphafold2_ptm_model_3_seed_001.pdb,30,95.91443925233648,2.1844383224837953,5.62079595707888,14_6
/results/KAD_ECOLI/resnet_try/04_recompile/recompiled_sequences/bin_16_5/prediction/bin_16_5_sequences_unrelaxed_rank_003_alphafold2_ptm_model_3_seed_000.pdb,30,95.1250934579439,3.254292383580795,4.370553610478497,16_5
/results/KAD_ECOLI/resnet_try/04_recompile/recompiled_sequences/bin_16_5/prediction/bin_16_5_sequences_unrelaxed_rank_005_alphafold2_ptm_model_2_seed_001.pdb,30,94.52644859813086,3.537090021628919,4.159338680676134,16_5
/results/KAD_ECOLI/resnet_try/04_recompile/recompiled_sequences/bin_16_5/prediction/bin_16_5_sequences_unrelaxed_rank_006_alphafold2_ptm_model_2_seed_000.pdb,30,94.4708411214953,3.441925381549,4.326564304702807,16_5
/results/KAD_ECOLI/resnet_try/04_recompile/recompiled_sequences/bin_16_5/prediction/bin_16_5_sequences_unrelaxed_rank_002_alphafold2_ptm_model_3_seed_001.pdb,30,95.3945794392523,3.482705920525471,4.155024286482561,16_5
/results/KAD_ECOLI/resnet_try/04_recompile/recompiled_sequences/bin_16_5/prediction/bin_16_5_sequences_unrelaxed_rank_001_alphafold2_ptm_model_4_seed_001.pdb,30,95.36196261682242,3.799871813615455,3.88406327137357,16_5
/results/KAD_ECOLI/resnet_try/04_recompile/recompiled_sequences/bin_16_5/prediction/bin_16_5_sequences_unrelaxed_rank_008_alphafold2_ptm_model_1_seed_000.pdb,30,94.13518691588789,3.3406518693243843,4.659073529015874,16_5
/results/KAD_ECOLI/resnet_try/04_recompile/recompiled_sequences/bin_16_5/prediction/bin_16_5_sequences_unrelaxed_rank_010_alphafold2_ptm_model_5_seed_000.pdb,30,93.91869158878501,3.1331127912867798,4.575495416947796,16_5
/results/KAD_ECOLI/resnet_try/04_recompile/recompiled_sequences/bin_16_5/prediction/bin_16_5_sequences_unrelaxed_rank_007_alphafold2_ptm_model_1_seed_001.pdb,30,94.18046728971966,3.417910893035874,4.393018347297839,16_5
/results/KAD_ECOLI/resnet_try/04_recompile/recompiled_sequences/bin_16_5/prediction/bin_16_5_sequences_unrelaxed_rank_009_alphafold2_ptm_model_5_seed_001.pdb,30,93.92018691588784,3.3021175331014243,4.335246798302397,16_5
/results/KAD_ECOLI/resnet_try/04_recompile/recompiled_sequences/bin_16_5/prediction/bin_16_5_sequences_unrelaxed_rank_004_alphafold2_ptm_model_4_seed_000.pdb,30,95.0835046728972,3.587166462044468,4.081509855050958,16_5
