PDB,plddt,seq_count,2hdm_tmscore,2jp1_tmscore
random_pred/XCL1_HUMAN_23-88_dimer_unrelaxed_rank_001_alphafold2_multimer_v3_model_3_seed_000.pdb,21.429848484848485,4556,0.14972,0.16468
random_pred/XCL1_HUMAN_23-88_dimer_unrelaxed_rank_002_alphafold2_multimer_v3_model_4_seed_000.pdb,20.96833333333333,4556,0.14522,0.15672
random_pred/XCL1_HUMAN_23-88_dimer_unrelaxed_rank_003_alphafold2_multimer_v3_model_1_seed_000.pdb,18.900151515151517,4556,0.15562,0.17741
random_pred/XCL1_HUMAN_23-88_dimer_unrelaxed_rank_004_alphafold2_multimer_v3_model_3_seed_003.pdb,27.798409090909093,4556,0.17285,0.16277
random_pred/XCL1_HUMAN_23-88_dimer_unrelaxed_rank_005_alphafold2_multimer_v3_model_4_seed_006.pdb,19.393863636363637,4556,0.17329,0.16527
random_pred/XCL1_HUMAN_23-88_dimer_unrelaxed_rank_006_alphafold2_multimer_v3_model_5_seed_000.pdb,20.202575757575755,4556,0.15742,0.15609
random_pred/XCL1_HUMAN_23-88_dimer_unrelaxed_rank_007_alphafold2_multimer_v3_model_3_seed_006.pdb,15.951818181818185,4556,0.15791,0.15996
random_pred/XCL1_HUMAN_23-88_dimer_unrelaxed_rank_008_alphafold2_multimer_v3_model_3_seed_004.pdb,14.09128787878788,4556,0.14407,0.15666
random_pred/XCL1_HUMAN_23-88_dimer_unrelaxed_rank_009_alphafold2_multimer_v3_model_3_seed_007.pdb,14.517803030303034,4556,0.15483,0.19703
random_pred/XCL1_HUMAN_23-88_dimer_unrelaxed_rank_010_alphafold2_multimer_v3_model_4_seed_005.pdb,19.016060606060606,4556,0.15457,0.17369
random_pred/XCL1_HUMAN_23-88_dimer_unrelaxed_rank_011_alphafold2_multimer_v3_model_3_seed_001.pdb,19.941363636363636,4556,0.16386,0.14935
random_pred/XCL1_HUMAN_23-88_dimer_unrelaxed_rank_012_alphafold2_multimer_v3_model_3_seed_005.pdb,22.985606060606056,4556,0.14674,0.17874
random_pred/XCL1_HUMAN_23-88_dimer_unrelaxed_rank_013_alphafold2_multimer_v3_model_4_seed_003.pdb,17.34037878787879,4556,0.14187,0.13698
random_pred/XCL1_HUMAN_23-88_dimer_unrelaxed_rank_014_alphafold2_multimer_v3_model_4_seed_002.pdb,15.485378787878787,4556,0.1616,0.163
random_pred/XCL1_HUMAN_23-88_dimer_unrelaxed_rank_015_alphafold2_multimer_v3_model_4_seed_001.pdb,29.18780303030303,4556,0.14265,0.13577
random_pred/XCL1_HUMAN_23-88_dimer_unrelaxed_rank_016_alphafold2_multimer_v3_model_1_seed_007.pdb,17.80931818181818,4556,0.15833,0.17104
random_pred/XCL1_HUMAN_23-88_dimer_unrelaxed_rank_017_alphafold2_multimer_v3_model_5_seed_004.pdb,15.039696969696971,4556,0.19748,0.19631
random_pred/XCL1_HUMAN_23-88_dimer_unrelaxed_rank_018_alphafold2_multimer_v3_model_4_seed_007.pdb,20.37037878787879,4556,0.17461,0.1782
random_pred/XCL1_HUMAN_23-88_dimer_unrelaxed_rank_019_alphafold2_multimer_v3_model_3_seed_002.pdb,13.975681818181817,4556,0.15303,0.16827
random_pred/XCL1_HUMAN_23-88_dimer_unrelaxed_rank_020_alphafold2_multimer_v3_model_1_seed_006.pdb,20.80439393939394,4556,0.16122,0.1942
random_pred/XCL1_HUMAN_23-88_dimer_unrelaxed_rank_021_alphafold2_multimer_v3_model_5_seed_005.pdb,14.681515151515148,4556,0.1755,0.17472
random_pred/XCL1_HUMAN_23-88_dimer_unrelaxed_rank_022_alphafold2_multimer_v3_model_2_seed_000.pdb,20.446136363636366,4556,0.27962,0.23216
random_pred/XCL1_HUMAN_23-88_dimer_unrelaxed_rank_023_alphafold2_multimer_v3_model_5_seed_007.pdb,15.856439393939395,4556,0.16785,0.16968
random_pred/XCL1_HUMAN_23-88_dimer_unrelaxed_rank_024_alphafold2_multimer_v3_model_5_seed_003.pdb,17.003333333333334,4556,0.1599,0.18534
random_pred/XCL1_HUMAN_23-88_dimer_unrelaxed_rank_025_alphafold2_multimer_v3_model_1_seed_005.pdb,20.454696969696972,4556,0.15526,0.1559
random_pred/XCL1_HUMAN_23-88_dimer_unrelaxed_rank_026_alphafold2_multimer_v3_model_5_seed_001.pdb,19.736287878787884,4556,0.1664,0.15621
random_pred/XCL1_HUMAN_23-88_dimer_unrelaxed_rank_027_alphafold2_multimer_v3_model_2_seed_004.pdb,19.972727272727273,4556,0.28154,0.2324
random_pred/XCL1_HUMAN_23-88_dimer_unrelaxed_rank_028_alphafold2_multimer_v3_model_5_seed_002.pdb,14.920454545454545,4556,0.1661,0.18073
random_pred/XCL1_HUMAN_23-88_dimer_unrelaxed_rank_029_alphafold2_multimer_v3_model_2_seed_003.pdb,21.792045454545455,4556,0.22724,0.22086
random_pred/XCL1_HUMAN_23-88_dimer_unrelaxed_rank_030_alphafold2_multimer_v3_model_1_seed_004.pdb,17.95128787878788,4556,0.18897,0.20049
random_pred/XCL1_HUMAN_23-88_dimer_unrelaxed_rank_031_alphafold2_multimer_v3_model_4_seed_004.pdb,12.350606060606058,4556,0.18972,0.17082
random_pred/XCL1_HUMAN_23-88_dimer_unrelaxed_rank_032_alphafold2_multimer_v3_model_1_seed_001.pdb,19.707272727272727,4556,0.18332,0.18255
random_pred/XCL1_HUMAN_23-88_dimer_unrelaxed_rank_033_alphafold2_multimer_v3_model_5_seed_006.pdb,15.23909090909091,4556,0.19368,0.16011
random_pred/XCL1_HUMAN_23-88_dimer_unrelaxed_rank_034_alphafold2_multimer_v3_model_1_seed_003.pdb,18.757575757575758,4556,0.18801,0.21117
random_pred/XCL1_HUMAN_23-88_dimer_unrelaxed_rank_035_alphafold2_multimer_v3_model_1_seed_002.pdb,19.274166666666662,4556,0.19969,0.18031
random_pred/XCL1_HUMAN_23-88_dimer_unrelaxed_rank_036_alphafold2_multimer_v3_model_2_seed_007.pdb,22.371742424242424,4556,0.2546,0.24966
random_pred/XCL1_HUMAN_23-88_dimer_unrelaxed_rank_037_alphafold2_multimer_v3_model_2_seed_006.pdb,22.4269696969697,4556,0.25961,0.26321
random_pred/XCL1_HUMAN_23-88_dimer_unrelaxed_rank_038_alphafold2_multimer_v3_model_2_seed_002.pdb,21.33507575757576,4556,0.23558,0.28042
random_pred/XCL1_HUMAN_23-88_dimer_unrelaxed_rank_039_alphafold2_multimer_v3_model_2_seed_005.pdb,22.435075757575756,4556,0.2357,0.24511
random_pred/XCL1_HUMAN_23-88_dimer_unrelaxed_rank_040_alphafold2_multimer_v3_model_2_seed_001.pdb,20.744621212121213,4556,0.25979,0.25712
