PDB,plddt,seq_count,1cdl_tmscore,1cll_tmscore
top_pred/top_sequences_unrelaxed_rank_001_alphafold2_ptm_model_3_seed_006.pdb,81.9744966442953,17,0.86388,0.51201
top_pred/top_sequences_unrelaxed_rank_002_alphafold2_ptm_model_3_seed_007.pdb,81.91731543624161,17,0.89905,0.51221
top_pred/top_sequences_unrelaxed_rank_003_alphafold2_ptm_model_4_seed_006.pdb,81.79489932885906,17,0.93452,0.51063
top_pred/top_sequences_unrelaxed_rank_004_alphafold2_ptm_model_3_seed_005.pdb,81.49979865771813,17,0.90756,0.50851
top_pred/top_sequences_unrelaxed_rank_005_alphafold2_ptm_model_4_seed_005.pdb,81.34785234899329,17,0.93979,0.5161
top_pred/top_sequences_unrelaxed_rank_006_alphafold2_ptm_model_2_seed_007.pdb,81.048322147651,17,0.8959,0.5211
top_pred/top_sequences_unrelaxed_rank_007_alphafold2_ptm_model_4_seed_007.pdb,80.94718120805369,17,0.92792,0.51647
top_pred/top_sequences_unrelaxed_rank_008_alphafold2_ptm_model_4_seed_000.pdb,80.86684563758389,17,0.89596,0.52115
top_pred/top_sequences_unrelaxed_rank_009_alphafold2_ptm_model_2_seed_003.pdb,80.71825503355706,17,0.91088,0.51439
top_pred/top_sequences_unrelaxed_rank_010_alphafold2_ptm_model_2_seed_006.pdb,80.67657718120805,17,0.89219,0.51513
top_pred/top_sequences_unrelaxed_rank_011_alphafold2_ptm_model_3_seed_003.pdb,80.63570469798658,17,0.91809,0.50577
top_pred/top_sequences_unrelaxed_rank_012_alphafold2_ptm_model_2_seed_005.pdb,80.65503355704698,17,0.91172,0.51491
top_pred/top_sequences_unrelaxed_rank_013_alphafold2_ptm_model_4_seed_002.pdb,80.56228187919463,17,0.91896,0.51448
top_pred/top_sequences_unrelaxed_rank_014_alphafold2_ptm_model_3_seed_000.pdb,80.58342281879193,17,0.87452,0.51349
top_pred/top_sequences_unrelaxed_rank_015_alphafold2_ptm_model_4_seed_004.pdb,80.448322147651,17,0.94573,0.51705
top_pred/top_sequences_unrelaxed_rank_016_alphafold2_ptm_model_3_seed_002.pdb,80.3968456375839,17,0.8796,0.51662
top_pred/top_sequences_unrelaxed_rank_017_alphafold2_ptm_model_2_seed_002.pdb,80.20181208053691,17,0.90125,0.51449
top_pred/top_sequences_unrelaxed_rank_018_alphafold2_ptm_model_2_seed_004.pdb,80.13751677852348,17,0.91537,0.51831
top_pred/top_sequences_unrelaxed_rank_019_alphafold2_ptm_model_4_seed_003.pdb,80.00395973154363,17,0.89053,0.50522
top_pred/top_sequences_unrelaxed_rank_020_alphafold2_ptm_model_2_seed_000.pdb,79.97295302013424,17,0.87885,0.51689
top_pred/top_sequences_unrelaxed_rank_021_alphafold2_ptm_model_3_seed_004.pdb,79.88315436241611,17,0.89805,0.51401
top_pred/top_sequences_unrelaxed_rank_022_alphafold2_ptm_model_3_seed_001.pdb,79.64416107382552,17,0.86671,0.51901
top_pred/top_sequences_unrelaxed_rank_023_alphafold2_ptm_model_2_seed_001.pdb,79.43879194630873,17,0.89768,0.52125
top_pred/top_sequences_unrelaxed_rank_024_alphafold2_ptm_model_4_seed_001.pdb,79.30208053691275,17,0.91918,0.52267
top_pred/top_sequences_unrelaxed_rank_025_alphafold2_ptm_model_1_seed_007.pdb,78.62711409395973,17,0.94159,0.51639
top_pred/top_sequences_unrelaxed_rank_026_alphafold2_ptm_model_1_seed_003.pdb,77.79120805369128,17,0.93524,0.50806
top_pred/top_sequences_unrelaxed_rank_027_alphafold2_ptm_model_1_seed_006.pdb,77.8310067114094,17,0.93718,0.50872
top_pred/top_sequences_unrelaxed_rank_028_alphafold2_ptm_model_1_seed_005.pdb,77.63872483221475,17,0.93785,0.51162
top_pred/top_sequences_unrelaxed_rank_029_alphafold2_ptm_model_1_seed_000.pdb,77.16919463087248,17,0.92814,0.50521
top_pred/top_sequences_unrelaxed_rank_030_alphafold2_ptm_model_1_seed_004.pdb,77.07704697986577,17,0.93372,0.50776
top_pred/top_sequences_unrelaxed_rank_031_alphafold2_ptm_model_1_seed_002.pdb,76.7234899328859,17,0.93441,0.50756
top_pred/top_sequences_unrelaxed_rank_032_alphafold2_ptm_model_1_seed_001.pdb,76.35228187919463,17,0.94075,0.51606
top_pred/top_sequences_unrelaxed_rank_033_alphafold2_ptm_model_5_seed_006.pdb,76.11711409395974,17,0.8967,0.52107
top_pred/top_sequences_unrelaxed_rank_034_alphafold2_ptm_model_5_seed_007.pdb,74.22281879194631,17,0.88775,0.51967
top_pred/top_sequences_unrelaxed_rank_035_alphafold2_ptm_model_5_seed_005.pdb,73.53308724832215,17,0.89457,0.5216
top_pred/top_sequences_unrelaxed_rank_036_alphafold2_ptm_model_5_seed_000.pdb,72.60812080536913,17,0.87428,0.51647
top_pred/top_sequences_unrelaxed_rank_037_alphafold2_ptm_model_5_seed_003.pdb,72.53328859060402,17,0.89391,0.51707
top_pred/top_sequences_unrelaxed_rank_038_alphafold2_ptm_model_5_seed_004.pdb,70.29261744966442,17,0.86669,0.51874
top_pred/top_sequences_unrelaxed_rank_039_alphafold2_ptm_model_5_seed_002.pdb,69.90751677852349,17,0.87322,0.51807
top_pred/top_sequences_unrelaxed_rank_040_alphafold2_ptm_model_5_seed_001.pdb,69.16879194630872,17,0.87258,0.51897
