PDB,plddt,local_plddt,seq_count,2lcl_rmsd,5ond_rmsd
top_pred/top_sequences_unrelaxed_rank_001_alphafold2_ptm_model_5_seed_004.pdb,90.73166666666665,93.79289473684211,17,1.4181627,15.856116
top_pred/top_sequences_unrelaxed_rank_002_alphafold2_ptm_model_5_seed_001.pdb,90.72154320987653,93.63447368421053,17,1.4330401,16.115355
top_pred/top_sequences_unrelaxed_rank_003_alphafold2_ptm_model_4_seed_006.pdb,90.54796296296297,91.59184210526317,17,1.4153198,16.538591
top_pred/top_sequences_unrelaxed_rank_004_alphafold2_ptm_model_5_seed_003.pdb,90.50401234567902,93.20552631578947,17,1.4236325,16.040932
top_pred/top_sequences_unrelaxed_rank_005_alphafold2_ptm_model_4_seed_000.pdb,90.48358024691358,91.315,17,1.4248568,15.616074
top_pred/top_sequences_unrelaxed_rank_006_alphafold2_ptm_model_5_seed_000.pdb,90.49901234567902,93.7007894736842,17,1.4277805,16.048685
top_pred/top_sequences_unrelaxed_rank_007_alphafold2_ptm_model_4_seed_002.pdb,90.52209876543209,91.49473684210525,17,1.4094832,17.526632
top_pred/top_sequences_unrelaxed_rank_008_alphafold2_ptm_model_4_seed_003.pdb,90.5204938271605,91.30236842105262,17,1.4230896,16.710184
top_pred/top_sequences_unrelaxed_rank_009_alphafold2_ptm_model_4_seed_001.pdb,90.44820987654322,91.53131578947368,17,1.4287447,16.695795
top_pred/top_sequences_unrelaxed_rank_010_alphafold2_ptm_model_4_seed_007.pdb,90.4632098765432,91.71710526315789,17,1.4161882,17.548468
top_pred/top_sequences_unrelaxed_rank_011_alphafold2_ptm_model_5_seed_005.pdb,90.40796296296297,93.45736842105262,17,1.4369469,16.417513
top_pred/top_sequences_unrelaxed_rank_012_alphafold2_ptm_model_4_seed_004.pdb,90.41407407407408,91.6428947368421,17,1.4223337,16.383148
top_pred/top_sequences_unrelaxed_rank_013_alphafold2_ptm_model_5_seed_007.pdb,90.36216049382718,93.31842105263156,17,1.4127873,16.713688
top_pred/top_sequences_unrelaxed_rank_014_alphafold2_ptm_model_5_seed_006.pdb,90.31950617283951,93.2878947368421,17,1.4210936,15.910532
top_pred/top_sequences_unrelaxed_rank_015_alphafold2_ptm_model_5_seed_002.pdb,90.31333333333333,93.12342105263158,17,1.4177153,15.591705
top_pred/top_sequences_unrelaxed_rank_016_alphafold2_ptm_model_4_seed_005.pdb,90.21061728395061,91.33999999999999,17,1.4389884,16.464878
top_pred/top_sequences_unrelaxed_rank_017_alphafold2_ptm_model_3_seed_004.pdb,89.17475308641976,90.0621052631579,17,1.4576262,15.89366
top_pred/top_sequences_unrelaxed_rank_018_alphafold2_ptm_model_3_seed_007.pdb,89.19932098765433,90.46184210526316,17,1.4421667,16.488348
top_pred/top_sequences_unrelaxed_rank_019_alphafold2_ptm_model_3_seed_005.pdb,89.14166666666667,90.58842105263159,17,1.4549575,16.381105
top_pred/top_sequences_unrelaxed_rank_020_alphafold2_ptm_model_2_seed_001.pdb,89.11716049382716,90.27368421052631,17,1.4245002,15.766949
top_pred/top_sequences_unrelaxed_rank_021_alphafold2_ptm_model_2_seed_003.pdb,89.06234567901234,89.6921052631579,17,1.4269235,15.436814
top_pred/top_sequences_unrelaxed_rank_022_alphafold2_ptm_model_3_seed_001.pdb,89.06283950617284,89.59078947368421,17,1.4380354,16.451115
top_pred/top_sequences_unrelaxed_rank_023_alphafold2_ptm_model_2_seed_007.pdb,88.93395061728394,89.9821052631579,17,1.4262158,15.379602
top_pred/top_sequences_unrelaxed_rank_024_alphafold2_ptm_model_2_seed_000.pdb,88.89253086419752,90.00105263157894,17,1.4185278,16.07302
top_pred/top_sequences_unrelaxed_rank_025_alphafold2_ptm_model_2_seed_006.pdb,88.88567901234568,89.71105263157895,17,1.4126039,15.49603
top_pred/top_sequences_unrelaxed_rank_026_alphafold2_ptm_model_2_seed_002.pdb,88.88734567901234,89.81026315789474,17,1.4199601,15.596342
top_pred/top_sequences_unrelaxed_rank_027_alphafold2_ptm_model_2_seed_005.pdb,88.8411111111111,89.9857894736842,17,1.4425303,15.31371
top_pred/top_sequences_unrelaxed_rank_028_alphafold2_ptm_model_2_seed_004.pdb,88.82000000000001,89.6842105263158,17,1.4091359,15.856389
top_pred/top_sequences_unrelaxed_rank_029_alphafold2_ptm_model_3_seed_003.pdb,88.79296296296296,89.45684210526316,17,1.4452348,16.2456
top_pred/top_sequences_unrelaxed_rank_030_alphafold2_ptm_model_3_seed_006.pdb,88.7672839506173,89.7021052631579,17,1.4420565,16.311108
top_pred/top_sequences_unrelaxed_rank_031_alphafold2_ptm_model_3_seed_000.pdb,88.71604938271605,89.43578947368422,17,1.450036,15.9092045
top_pred/top_sequences_unrelaxed_rank_032_alphafold2_ptm_model_3_seed_002.pdb,88.52277777777778,89.41605263157895,17,1.4359952,16.735706
top_pred/top_sequences_unrelaxed_rank_033_alphafold2_ptm_model_1_seed_003.pdb,87.69419753086419,87.91105263157895,17,1.4500095,15.458397
top_pred/top_sequences_unrelaxed_rank_034_alphafold2_ptm_model_1_seed_001.pdb,87.41302469135802,88.37947368421052,17,1.4567658,14.842465
top_pred/top_sequences_unrelaxed_rank_035_alphafold2_ptm_model_1_seed_004.pdb,87.38345679012345,88.26263157894736,17,1.4402708,15.272218
top_pred/top_sequences_unrelaxed_rank_036_alphafold2_ptm_model_1_seed_000.pdb,87.37660493827161,87.96447368421053,17,1.4290934,16.776709
top_pred/top_sequences_unrelaxed_rank_037_alphafold2_ptm_model_1_seed_005.pdb,87.26845679012347,87.93368421052632,17,1.4701581,15.237739
top_pred/top_sequences_unrelaxed_rank_038_alphafold2_ptm_model_1_seed_007.pdb,87.22154320987654,87.84184210526317,17,1.4414066,15.812621
top_pred/top_sequences_unrelaxed_rank_039_alphafold2_ptm_model_1_seed_002.pdb,87.10216049382716,87.04,17,1.422673,16.154116
top_pred/top_sequences_unrelaxed_rank_040_alphafold2_ptm_model_1_seed_006.pdb,86.92265432098766,87.09657894736843,17,1.4246551,15.229794
